TIMESTAMP;DATA_ISO;Rx Power [dBm];Relative Coordinates [m];Target Coordinates [m];Distance Target - Anchor [m]
1678965222.987784396;2023-03-16 11:13:42;-67;-16.4, -7.5;4.6, 0;22.29910312
1678965223.707450099;2023-03-16 11:13:43;-65;-16.4, -7.5;4.6, 0;22.29910312
1678965224.102308692;2023-03-16 11:13:44;-70;-16.4, -7.5;4.6, 0;22.29910312
1678965224.124871451;2023-03-16 11:13:44;-70;-16.4, -7.5;4.6, 0;22.29910312
1678965224.677499062;2023-03-16 11:13:44;17;-16.4, -7.5;4.6, 0;22.29910312
1678965225.034807839;2023-03-16 11:13:45;-74;-16.4, -7.5;4.6, 0;22.29910312
1678965225.051118117;2023-03-16 11:13:45;-75;-16.4, -7.5;4.6, 0;22.29910312
1678965251.778054916;2023-03-16 11:14:11;-65;-16.4, -7.5;4.6, 0;22.29910312
1678965252.657385527;2023-03-16 11:14:12;-65;-16.4, -7.5;4.6, 0;22.29910312
1678965253.212694230;2023-03-16 11:14:13;-71;-16.4, -7.5;4.6, 0;22.29910312
1678965253.671575600;2023-03-16 11:14:13;-67;-16.4, -7.5;4.6, 0;22.29910312
1678965254.402354489;2023-03-16 11:14:14;-70;-16.4, -7.5;4.6, 0;22.29910312
1678965254.426103100;2023-03-16 11:14:14;-68;-16.4, -7.5;4.6, 0;22.29910312
1678965254.512386692;2023-03-16 11:14:14;-68;-16.4, -7.5;4.6, 0;22.29910312
1678965258.022762209;2023-03-16 11:14:18;-65;-16.4, -7.5;4.6, 0;22.29910312
1678965258.047990412;2023-03-16 11:14:18;-65;-16.4, -7.5;4.6, 0;22.29910312
1678965258.227627375;2023-03-16 11:14:18;-63;-16.4, -7.5;4.6, 0;22.29910312
1678965259.090460060;2023-03-16 11:14:19;-66;-16.4, -7.5;4.6, 0;22.29910312
1678965259.515195078;2023-03-16 11:14:19;-65;-16.4, -7.5;4.6, 0;22.29910312
1678965259.624922374;2023-03-16 11:14:19;-66;-16.4, -7.5;4.6, 0;22.29910312
1678965259.644196782;2023-03-16 11:14:19;-66;-16.4, -7.5;4.6, 0;22.29910312
1678965259.687923282;2023-03-16 11:14:19;-65;-16.4, -7.5;4.6, 0;22.29910312
1678965259.712341300;2023-03-16 11:14:19;-69;-16.4, -7.5;4.6, 0;22.29910312
1678965260.285150133;2023-03-16 11:14:20;-66;-16.4, -7.5;4.6, 0;22.29910312
1678965260.305471189;2023-03-16 11:14:20;-66;-16.4, -7.5;4.6, 0;22.29910312
1678965261.388927725;2023-03-16 11:14:21;-66;-16.4, -7.5;4.6, 0;22.29910312
1678965261.718856521;2023-03-16 11:14:21;-65;-16.4, -7.5;4.6, 0;22.29910312
1678965261.740759355;2023-03-16 11:14:21;-65;-16.4, -7.5;4.6, 0;22.29910312
1678965262.161421632;2023-03-16 11:14:22;-66;-16.4, -7.5;4.6, 0;22.29910312
1678965262.537628317;2023-03-16 11:14:22;-65;-16.4, -7.5;4.6, 0;22.29910312
1678965262.937341761;2023-03-16 11:14:22;-71;-16.4, -7.5;4.6, 0;22.29910312
1678965273.781578384;2023-03-16 11:14:33;-70;-16.4, -7.5;4.6, 0;22.29910312
1678965277.228814197;2023-03-16 11:14:37;-66;-16.4, -7.5;4.6, 0;22.29910312
1678965277.279140882;2023-03-16 11:14:37;-67;-16.4, -7.5;4.6, 0;22.29910312
1678965293.429316447;2023-03-16 11:14:53;-71;-16.4, -7.5;4.6, 0;22.29910312
1678965296.629260649;2023-03-16 11:14:56;-67;-16.4, -7.5;4.6, 0;22.29910312
1678965297.758294833;2023-03-16 11:14:57;-67;-16.4, -7.5;4.6, 0;22.29910312
1678965298.255247370;2023-03-16 11:14:58;-66;-16.4, -7.5;4.6, 0;22.29910312
1678965298.277879666;2023-03-16 11:14:58;-65;-16.4, -7.5;4.6, 0;22.29910312
1678965298.297267333;2023-03-16 11:14:58;-66;-16.4, -7.5;4.6, 0;22.29910312
1678965298.320270999;2023-03-16 11:14:58;-69;-16.4, -7.5;4.6, 0;22.29910312
1678965298.339574129;2023-03-16 11:14:58;-68;-16.4, -7.5;4.6, 0;22.29910312
1678965298.868084740;2023-03-16 11:14:58;-66;-16.4, -7.5;4.6, 0;22.29910312
1678965299.410974240;2023-03-16 11:14:59;-67;-16.4, -7.5;4.6, 0;22.29910312
1678965299.431798462;2023-03-16 11:14:59;-65;-16.4, -7.5;4.6, 0;22.29910312
1678965299.988535572;2023-03-16 11:14:59;-66;-16.4, -7.5;4.6, 0;22.29910312
1678965300.009306313;2023-03-16 11:15:00;-66;-16.4, -7.5;4.6, 0;22.29910312
1678965300.576022794;2023-03-16 11:15:00;-67;-16.4, -7.5;4.6, 0;22.29910312
1678965301.130682701;2023-03-16 11:15:01;-66;-16.4, -7.5;4.6, 0;22.29910312
1678965301.703369034;2023-03-16 11:15:01;-66;-16.4, -7.5;4.6, 0;22.29910312
1678965302.050734479;2023-03-16 11:15:02;-71;-16.4, -7.5;4.6, 0;22.29910312
1678965315.839729674;2023-03-16 11:15:15;-69;-16.4, -7.5;4.6, 0;22.29910312
1678965316.149190489;2023-03-16 11:15:16;-65;-16.4, -7.5;4.6, 0;22.29910312
1678965316.190460692;2023-03-16 11:15:16;-69;-16.4, -7.5;4.6, 0;22.29910312
1678965317.262043247;2023-03-16 11:15:17;-66;-16.4, -7.5;4.6, 0;22.29910312
1678965319.258221024;2023-03-16 11:15:19;-66;-16.4, -7.5;4.6, 0;22.29910312
1678965319.348510117;2023-03-16 11:15:19;-67;-16.4, -7.5;4.6, 0;22.29910312
1678965320.070712709;2023-03-16 11:15:20;-66;-16.4, -7.5;4.6, 0;22.29910312
1678965320.205703486;2023-03-16 11:15:20;-66;-16.4, -7.5;4.6, 0;22.29910312
1678965320.869500097;2023-03-16 11:15:20;-66;-16.4, -7.5;4.6, 0;22.29910312
1678965321.030774653;2023-03-16 11:15:21;-67;-16.4, -7.5;4.6, 0;22.29910312
1678965321.289945745;2023-03-16 11:15:21;-72;-16.4, -7.5;4.6, 0;22.29910312
1678965321.309720504;2023-03-16 11:15:21;-72;-16.4, -7.5;4.6, 0;22.29910312
1678965321.895570300;2023-03-16 11:15:21;-70;-16.4, -7.5;4.6, 0;22.29910312
1678965321.940918930;2023-03-16 11:15:21;-70;-16.4, -7.5;4.6, 0;22.29910312
1678965322.004774022;2023-03-16 11:15:22;-68;-16.4, -7.5;4.6, 0;22.29910312
1678965322.029260393;2023-03-16 11:15:22;17;-16.4, -7.5;4.6, 0;22.29910312
1678965328.713132259;2023-03-16 11:15:28;-75;-16.4, -7.5;4.6, 0;22.29910312
1678965333.892072719;2023-03-16 11:15:33;-66;-16.4, -7.5;4.6, 0;22.29910312
1678965333.954963608;2023-03-16 11:15:33;-65;-16.4, -7.5;4.6, 0;22.29910312
1678965333.997977571;2023-03-16 11:15:33;-68;-16.4, -7.5;4.6, 0;22.29910312
1678965335.289148959;2023-03-16 11:15:35;-68;-16.4, -7.5;4.6, 0;22.29910312
1678965335.310171181;2023-03-16 11:15:35;-65;-16.4, -7.5;4.6, 0;22.29910312
1678965336.423036254;2023-03-16 11:15:36;-66;-16.4, -7.5;4.6, 0;22.29910312
1678965338.701922346;2023-03-16 11:15:38;-73;-16.4, -7.5;4.6, 0;22.29910312
1678965342.573990862;2023-03-16 11:15:42;-67;-16.4, -7.5;4.6, 0;22.29910312
1678965342.594139177;2023-03-16 11:15:42;-67;-16.4, -7.5;4.6, 0;22.29910312
1678965342.709171232;2023-03-16 11:15:42;-66;-16.4, -7.5;4.6, 0;22.29910312
1678965342.729012751;2023-03-16 11:15:42;-65;-16.4, -7.5;4.6, 0;22.29910312
1678965345.126936860;2023-03-16 11:15:45;-65;-16.4, -7.5;4.6, 0;22.29910312
1678965345.132993249;2023-03-16 11:15:45;-67;-16.4, -7.5;4.6, 0;22.29910312
1678965345.152960990;2023-03-16 11:15:45;-65;-16.4, -7.5;4.6, 0;22.29910312
1678965345.170113379;2023-03-16 11:15:45;-65;-16.4, -7.5;4.6, 0;22.29910312
1678965345.190343249;2023-03-16 11:15:45;-66;-16.4, -7.5;4.6, 0;22.29910312
1678965345.213442286;2023-03-16 11:15:45;-69;-16.4, -7.5;4.6, 0;22.29910312
1678965347.154769767;2023-03-16 11:15:47;-67;-16.4, -7.5;4.6, 0;22.29910312
1678965347.577251785;2023-03-16 11:15:47;-75;-16.4, -7.5;4.6, 0;22.29910312
1678965351.814542690;2023-03-16 11:15:51;-67;-16.4, -7.5;4.6, 0;22.29910312
1678965352.581293634;2023-03-16 11:15:52;-66;-16.4, -7.5;4.6, 0;22.29910312
1678965353.456545726;2023-03-16 11:15:53;-66;-16.4, -7.5;4.6, 0;22.29910312
1678965353.478590207;2023-03-16 11:15:53;-66;-16.4, -7.5;4.6, 0;22.29910312
1678965353.748804503;2023-03-16 11:15:53;-65;-16.4, -7.5;4.6, 0;22.29910312
1678965354.757357781;2023-03-16 11:15:54;-67;-16.4, -7.5;4.6, 0;22.29910312
1678965355.053597410;2023-03-16 11:15:55;-67;-16.4, -7.5;4.6, 0;22.29910312
1678965356.168586965;2023-03-16 11:15:56;-64;-16.4, -7.5;4.6, 0;22.29910312
1678965356.191103835;2023-03-16 11:15:56;-64;-16.4, -7.5;4.6, 0;22.29910312
1678965363.026958387;2023-03-16 11:16:03;-65;-16.4, -7.5;4.6, 0;22.29910312
1678965363.070656016;2023-03-16 11:16:03;-68;-16.4, -7.5;4.6, 0;22.29910312
1678965363.074418461;2023-03-16 11:16:03;-67;-16.4, -7.5;4.6, 0;22.29910312
1678965372.877566066;2023-03-16 11:16:12;-67;-16.4, -7.5;4.6, 0;22.29910312
1678965372.966526844;2023-03-16 11:16:12;-64;-16.4, -7.5;4.6, 0;22.29910312
1678965372.987586510;2023-03-16 11:16:12;-65;-16.4, -7.5;4.6, 0;22.29910312
1678965373.713892214;2023-03-16 11:16:13;-65;-16.4, -7.5;4.6, 0;22.29910312
1678965373.733515603;2023-03-16 11:16:13;-66;-16.4, -7.5;4.6, 0;22.29910312
1678965373.807491491;2023-03-16 11:16:13;-66;-16.4, -7.5;4.6, 0;22.29910312
1678965374.204763936;2023-03-16 11:16:14;-65;-16.4, -7.5;4.6, 0;22.29910312
1678965376.388831397;2023-03-16 11:16:16;-67;-16.4, -7.5;4.6, 0;22.29910312
1678965376.538773286;2023-03-16 11:16:16;-64;-16.4, -7.5;4.6, 0;22.29910312
1678965376.802626916;2023-03-16 11:16:16;-72;-16.4, -7.5;4.6, 0;22.29910312
1678965381.082630469;2023-03-16 11:16:21;-67;-16.4, -7.5;4.6, 0;22.29910312
1678965381.106825635;2023-03-16 11:16:21;-67;-16.4, -7.5;4.6, 0;22.29910312
1678965382.020555505;2023-03-16 11:16:22;-67;-16.4, -7.5;4.6, 0;22.29910312
1678965382.707682468;2023-03-16 11:16:22;-67;-16.4, -7.5;4.6, 0;22.29910312
1678965382.851845856;2023-03-16 11:16:22;-65;-16.4, -7.5;4.6, 0;22.29910312
1678965383.598562634;2023-03-16 11:16:23;-66;-16.4, -7.5;4.6, 0;22.29910312
1678965383.619701800;2023-03-16 11:16:23;-66;-16.4, -7.5;4.6, 0;22.29910312
1678965383.768652745;2023-03-16 11:16:23;-65;-16.4, -7.5;4.6, 0;22.29910312
1678965384.428011022;2023-03-16 11:16:24;-67;-16.4, -7.5;4.6, 0;22.29910312
1678965384.578771763;2023-03-16 11:16:24;-65;-16.4, -7.5;4.6, 0;22.29910312
1678965384.601622374;2023-03-16 11:16:24;-65;-16.4, -7.5;4.6, 0;22.29910312
1678965385.452364355;2023-03-16 11:16:25;-65;-16.4, -7.5;4.6, 0;22.29910312
1678965385.474896725;2023-03-16 11:16:25;-66;-16.4, -7.5;4.6, 0;22.29910312
1678965385.496231818;2023-03-16 11:16:25;-69;-16.4, -7.5;4.6, 0;22.29910312
1678965386.163009058;2023-03-16 11:16:26;-72;-16.4, -7.5;4.6, 0;22.29910312
1678965386.354048354;2023-03-16 11:16:26;-71;-16.4, -7.5;4.6, 0;22.29910312
1678965387.432676706;2023-03-16 11:16:27;-70;-16.4, -7.5;4.6, 0;22.29910312
1678965390.796711981;2023-03-16 11:16:30;-66;-16.4, -7.5;4.6, 0;22.29910312
1678965391.017442129;2023-03-16 11:16:31;-66;-16.4, -7.5;4.6, 0;22.29910312
1678965391.036766370;2023-03-16 11:16:31;-65;-16.4, -7.5;4.6, 0;22.29910312
1678965391.061268629;2023-03-16 11:16:31;-65;-16.4, -7.5;4.6, 0;22.29910312
1678965391.703944018;2023-03-16 11:16:31;-67;-16.4, -7.5;4.6, 0;22.29910312
1678965392.364208888;2023-03-16 11:16:32;-65;-16.4, -7.5;4.6, 0;22.29910312
1678965392.585250165;2023-03-16 11:16:32;-63;-16.4, -7.5;4.6, 0;22.29910312
1678965392.601699536;2023-03-16 11:16:32;-64;-16.4, -7.5;4.6, 0;22.29910312
1678965393.146459961;2023-03-16 11:16:33;-66;-16.4, -7.5;4.6, 0;22.29910312
1678965393.166426054;2023-03-16 11:16:33;-67;-16.4, -7.5;4.6, 0;22.29910312
1678965393.360390202;2023-03-16 11:16:33;-64;-16.4, -7.5;4.6, 0;22.29910312
1678965393.379910350;2023-03-16 11:16:33;-64;-16.4, -7.5;4.6, 0;22.29910312
1678965394.011371257;2023-03-16 11:16:34;-66;-16.4, -7.5;4.6, 0;22.29910312
1678965394.029693553;2023-03-16 11:16:34;-67;-16.4, -7.5;4.6, 0;22.29910312
1678965394.317730998;2023-03-16 11:16:34;-64;-16.4, -7.5;4.6, 0;22.29910312
1678965395.666688478;2023-03-16 11:16:35;-66;-16.4, -7.5;4.6, 0;22.29910312
1678965395.809503089;2023-03-16 11:16:35;-67;-16.4, -7.5;4.6, 0;22.29910312
1678965395.829170941;2023-03-16 11:16:35;-63;-16.4, -7.5;4.6, 0;22.29910312
1678965396.077786219;2023-03-16 11:16:36;-70;-16.4, -7.5;4.6, 0;22.29910312
1678965396.096547812;2023-03-16 11:16:36;-69;-16.4, -7.5;4.6, 0;22.29910312
1678965396.905010793;2023-03-16 11:16:36;-54;-16.4, -7.5;4.6, 0;22.29910312
1678965396.954194589;2023-03-16 11:16:36;-68;-16.4, -7.5;4.6, 0;22.29910312
1678965396.995066107;2023-03-16 11:16:36;-67;-16.4, -7.5;4.6, 0;22.29910312
1678965397.017674274;2023-03-16 11:16:37;-67;-16.4, -7.5;4.6, 0;22.29910312
1678965397.041890441;2023-03-16 11:16:37;-65;-16.4, -7.5;4.6, 0;22.29910312
1678965397.086286329;2023-03-16 11:16:37;-66;-16.4, -7.5;4.6, 0;22.29910312
1678965397.105675292;2023-03-16 11:16:37;-65;-16.4, -7.5;4.6, 0;22.29910312
1678965397.130099885;2023-03-16 11:16:37;-74;-16.4, -7.5;4.6, 0;22.29910312
1678965402.177308289;2023-03-16 11:16:42;-67;-16.4, -7.5;4.6, 0;22.29910312
1678965402.320166197;2023-03-16 11:16:42;-64;-16.4, -7.5;4.6, 0;22.29910312
1678965403.137796178;2023-03-16 11:16:43;-66;-16.4, -7.5;4.6, 0;22.29910312
1678965404.026564159;2023-03-16 11:16:44;-67;-16.4, -7.5;4.6, 0;22.29910312
1678965404.045866622;2023-03-16 11:16:44;-67;-16.4, -7.5;4.6, 0;22.29910312
1678965404.189078066;2023-03-16 11:16:44;-63;-16.4, -7.5;4.6, 0;22.29910312
1678965404.210327696;2023-03-16 11:16:44;-64;-16.4, -7.5;4.6, 0;22.29910312
1678965415.215501170;2023-03-16 11:16:55;-67;-16.4, -7.5;4.6, 0;22.29910312
1678965426.238319516;2023-03-16 11:17:06;-73;-16.4, -7.5;4.6, 0;22.29910312
1678965426.260326219;2023-03-16 11:17:06;-76;-16.4, -7.5;4.6, 0;22.29910312
1678965431.864295105;2023-03-16 11:17:11;-67;-16.4, -7.5;4.6, 0;22.29910312
1678965431.872166679;2023-03-16 11:17:11;-67;-16.4, -7.5;4.6, 0;22.29910312
1678965432.411387179;2023-03-16 11:17:12;-67;-16.4, -7.5;4.6, 0;22.29910312
1678965433.029052660;2023-03-16 11:17:13;-67;-16.4, -7.5;4.6, 0;22.29910312
1678965433.989320289;2023-03-16 11:17:13;-67;-16.4, -7.5;4.6, 0;22.29910312
1678965434.008653011;2023-03-16 11:17:14;-66;-16.4, -7.5;4.6, 0;22.29910312
1678965434.231612400;2023-03-16 11:17:14;-65;-16.4, -7.5;4.6, 0;22.29910312
1678965434.250929159;2023-03-16 11:17:14;-66;-16.4, -7.5;4.6, 0;22.29910312
1678965435.925788121;2023-03-16 11:17:15;-72;-16.4, -7.5;4.6, 0;22.29910312
1678965435.946858677;2023-03-16 11:17:15;-70;-16.4, -7.5;4.6, 0;22.29910312
1678965439.397663286;2023-03-16 11:17:19;-66;-16.4, -7.5;4.6, 0;22.29910312
1678965439.417284749;2023-03-16 11:17:19;-65;-16.4, -7.5;4.6, 0;22.29910312
1678965439.879363897;2023-03-16 11:17:19;-68;-16.4, -7.5;4.6, 0;22.29910312
1678965440.525199896;2023-03-16 11:17:20;-67;-16.4, -7.5;4.6, 0;22.29910312
1678965441.217716988;2023-03-16 11:17:21;-65;-16.4, -7.5;4.6, 0;22.29910312
1678965441.239391914;2023-03-16 11:17:21;-66;-16.4, -7.5;4.6, 0;22.29910312
1678965441.628219766;2023-03-16 11:17:21;-66;-16.4, -7.5;4.6, 0;22.29910312
1678965442.157131784;2023-03-16 11:17:22;-66;-16.4, -7.5;4.6, 0;22.29910312
1678965442.629469580;2023-03-16 11:17:22;-67;-16.4, -7.5;4.6, 0;22.29910312
1678965442.649465673;2023-03-16 11:17:22;-67;-16.4, -7.5;4.6, 0;22.29910312
1678965443.198590765;2023-03-16 11:17:23;-67;-16.4, -7.5;4.6, 0;22.29910312
1678965444.238745301;2023-03-16 11:17:24;-66;-16.4, -7.5;4.6, 0;22.29910312
1678965444.893234560;2023-03-16 11:17:24;17;-16.4, -7.5;4.6, 0;22.29910312
1678965444.915877505;2023-03-16 11:17:24;-67;-16.4, -7.5;4.6, 0;22.29910312
1678965445.294472412;2023-03-16 11:17:25;-67;-16.4, -7.5;4.6, 0;22.29910312
1678965445.771158004;2023-03-16 11:17:25;-70;-16.4, -7.5;4.6, 0;22.29910312
1678965445.907995652;2023-03-16 11:17:25;-69;-16.4, -7.5;4.6, 0;22.29910312
1678965445.930525004;2023-03-16 11:17:25;-66;-16.4, -7.5;4.6, 0;22.29910312
1678965449.307134669;2023-03-16 11:17:29;-66;-16.4, -7.5;4.6, 0;22.29910312
1678965449.677238224;2023-03-16 11:17:29;-67;-16.4, -7.5;4.6, 0;22.29910312
1678965449.697552891;2023-03-16 11:17:29;-65;-16.4, -7.5;4.6, 0;22.29910312
1678965450.949977242;2023-03-16 11:17:30;-67;-16.4, -7.5;4.6, 0;22.29910312
1678965450.999484020;2023-03-16 11:17:30;-65;-16.4, -7.5;4.6, 0;22.29910312
1678965451.044262538;2023-03-16 11:17:31;-65;-16.4, -7.5;4.6, 0;22.29910312
1678965451.089279427;2023-03-16 11:17:31;-68;-16.4, -7.5;4.6, 0;22.29910312
1678965451.722455908;2023-03-16 11:17:31;-67;-16.4, -7.5;4.6, 0;22.29910312
1678965451.738596797;2023-03-16 11:17:31;-66;-16.4, -7.5;4.6, 0;22.29910312
1678965452.083100334;2023-03-16 11:17:32;-64;-16.4, -7.5;4.6, 0;22.29910312
1678965452.865782667;2023-03-16 11:17:32;-67;-16.4, -7.5;4.6, 0;22.29910312
1678965452.885158500;2023-03-16 11:17:32;-67;-16.4, -7.5;4.6, 0;22.29910312
1678965453.139519278;2023-03-16 11:17:33;-65;-16.4, -7.5;4.6, 0;22.29910312
1678965454.115810499;2023-03-16 11:17:34;-67;-16.4, -7.5;4.6, 0;22.29910312
1678965454.132290888;2023-03-16 11:17:34;-65;-16.4, -7.5;4.6, 0;22.29910312
1678965455.114506610;2023-03-16 11:17:35;-73;-16.4, -7.5;4.6, 0;22.29910312
1678965459.110299441;2023-03-16 11:17:39;-66;-16.4, -7.5;4.6, 0;22.29910312
1678965459.267709515;2023-03-16 11:17:39;-66;-16.4, -7.5;4.6, 0;22.29910312
1678965459.290018644;2023-03-16 11:17:39;-67;-16.4, -7.5;4.6, 0;22.29910312
1678965459.946302885;2023-03-16 11:17:39;-66;-16.4, -7.5;4.6, 0;22.29910312
1678965459.967111125;2023-03-16 11:17:39;-67;-16.4, -7.5;4.6, 0;22.29910312
1678965460.094671588;2023-03-16 11:17:40;-64;-16.4, -7.5;4.6, 0;22.29910312
1678965460.786521828;2023-03-16 11:17:40;-67;-16.4, -7.5;4.6, 0;22.29910312
1678965460.804654940;2023-03-16 11:17:40;-66;-16.4, -7.5;4.6, 0;22.29910312
1678965460.913820532;2023-03-16 11:17:40;-65;-16.4, -7.5;4.6, 0;22.29910312
1678965460.935865440;2023-03-16 11:17:40;-65;-16.4, -7.5;4.6, 0;22.29910312
1678965461.623390680;2023-03-16 11:17:41;-69;-16.4, -7.5;4.6, 0;22.29910312
1678965461.739646921;2023-03-16 11:17:41;-66;-16.4, -7.5;4.6, 0;22.29910312
1678965462.247399531;2023-03-16 11:17:42;-67;-16.4, -7.5;4.6, 0;22.29910312
1678965462.294382846;2023-03-16 11:17:42;-65;-16.4, -7.5;4.6, 0;22.29910312
1678965463.308833549;2023-03-16 11:17:43;-67;-16.4, -7.5;4.6, 0;22.29910312
1678965463.402513957;2023-03-16 11:17:43;-67;-16.4, -7.5;4.6, 0;22.29910312
1678965464.897389159;2023-03-16 11:17:44;-73;-16.4, -7.5;4.6, 0;22.29910312
1678965481.169135502;2023-03-16 11:18:01;-66;-16.4, -7.5;4.6, 0;22.29910312
1678965491.901919051;2023-03-16 11:18:11;-67;-16.4, -7.5;4.6, 0;22.29910312
1678965491.925264032;2023-03-16 11:18:11;-67;-16.4, -7.5;4.6, 0;22.29910312
1678965492.070827588;2023-03-16 11:18:12;-65;-16.4, -7.5;4.6, 0;22.29910312
1678965492.091385514;2023-03-16 11:18:12;-65;-16.4, -7.5;4.6, 0;22.29910312
1678965492.958706439;2023-03-16 11:18:12;-67;-16.4, -7.5;4.6, 0;22.29910312
1678965492.978032920;2023-03-16 11:18:12;-79;-16.4, -7.5;4.6, 0;22.29910312
1678965493.227433365;2023-03-16 11:18:13;-72;-16.4, -7.5;4.6, 0;22.29910312
1678965497.638932603;2023-03-16 11:18:17;-66;-16.4, -7.5;4.6, 0;22.29910312
1678965497.658418269;2023-03-16 11:18:17;-67;-16.4, -7.5;4.6, 0;22.29910312
1678965498.309018714;2023-03-16 11:18:18;-67;-16.4, -7.5;4.6, 0;22.29910312
1678965498.329994065;2023-03-16 11:18:18;-66;-16.4, -7.5;4.6, 0;22.29910312
1678965498.399210491;2023-03-16 11:18:18;-65;-16.4, -7.5;4.6, 0;22.29910312
1678965498.420009602;2023-03-16 11:18:18;-65;-16.4, -7.5;4.6, 0;22.29910312
1678965499.119970954;2023-03-16 11:18:19;-67;-16.4, -7.5;4.6, 0;22.29910312
1678965499.212528620;2023-03-16 11:18:19;-65;-16.4, -7.5;4.6, 0;22.29910312
1678965499.788515139;2023-03-16 11:18:19;-67;-16.4, -7.5;4.6, 0;22.29910312
1678965499.832295805;2023-03-16 11:18:19;-66;-16.4, -7.5;4.6, 0;22.29910312
1678965499.851649472;2023-03-16 11:18:19;-65;-16.4, -7.5;4.6, 0;22.29910312
1678965499.895319731;2023-03-16 11:18:19;-68;-16.4, -7.5;4.6, 0;22.29910312
1678965500.639669527;2023-03-16 11:18:20;-67;-16.4, -7.5;4.6, 0;22.29910312
1678965500.913492731;2023-03-16 11:18:20;-64;-16.4, -7.5;4.6, 0;22.29910312
1678965500.935459897;2023-03-16 11:18:20;-65;-16.4, -7.5;4.6, 0;22.29910312
1678965501.949019119;2023-03-16 11:18:21;-66;-16.4, -7.5;4.6, 0;22.29910312
1678965501.969972137;2023-03-16 11:18:21;-67;-16.4, -7.5;4.6, 0;22.29910312
1678965524.809133235;2023-03-16 11:18:44;-66;-16.4, -7.5;4.6, 0;22.29910312
1678965524.829575864;2023-03-16 11:18:44;-66;-16.4, -7.5;4.6, 0;22.29910312
1678965531.846273434;2023-03-16 11:18:51;-66;-16.4, -7.5;4.6, 0;22.29910312
1678965531.890016138;2023-03-16 11:18:51;-68;-16.4, -7.5;4.6, 0;22.29910312
1678965532.750339897;2023-03-16 11:18:52;-67;-16.4, -7.5;4.6, 0;22.29910312
1678965532.769071082;2023-03-16 11:18:52;-67;-16.4, -7.5;4.6, 0;22.29910312
1678965533.761593192;2023-03-16 11:18:53;-66;-16.4, -7.5;4.6, 0;22.29910312
1678965534.258335266;2023-03-16 11:18:54;-67;-16.4, -7.5;4.6, 0;22.29910312
1678965535.329790710;2023-03-16 11:18:55;-67;-16.4, -7.5;4.6, 0;22.29910312
1678965535.351541840;2023-03-16 11:18:55;-66;-16.4, -7.5;4.6, 0;22.29910312
1678965535.959794821;2023-03-16 11:18:55;-66;-16.4, -7.5;4.6, 0;22.29910312
1678965535.979393876;2023-03-16 11:18:55;-66;-16.4, -7.5;4.6, 0;22.29910312
1678965536.459084580;2023-03-16 11:18:56;-66;-16.4, -7.5;4.6, 0;22.29910312
1678965536.479064339;2023-03-16 11:18:56;-66;-16.4, -7.5;4.6, 0;22.29910312
1678965537.659444079;2023-03-16 11:18:57;-75;-16.4, -7.5;4.6, 0;22.29910312
1678965537.767610801;2023-03-16 11:18:57;-65;-16.4, -7.5;4.6, 0;22.29910312
1678965537.792563005;2023-03-16 11:18:57;-65;-16.4, -7.5;4.6, 0;22.29910312
1678965537.880049116;2023-03-16 11:18:57;-72;-16.4, -7.5;4.6, 0;22.29910312
1678965537.902544153;2023-03-16 11:18:57;-72;-16.4, -7.5;4.6, 0;22.29910312
1678965537.923838690;2023-03-16 11:18:57;-69;-16.4, -7.5;4.6, 0;22.29910312
1678965541.285701743;2023-03-16 11:19:01;-67;-16.4, -7.5;4.6, 0;22.29910312
1678965541.953215762;2023-03-16 11:19:01;-72;-16.4, -7.5;4.6, 0;22.29910312
1678965542.410406372;2023-03-16 11:19:02;-67;-16.4, -7.5;4.6, 0;22.29910312
1678965542.430358021;2023-03-16 11:19:02;-66;-16.4, -7.5;4.6, 0;22.29910312
1678965542.980167798;2023-03-16 11:19:02;-67;-16.4, -7.5;4.6, 0;22.29910312
1678965542.999511483;2023-03-16 11:19:02;-67;-16.4, -7.5;4.6, 0;22.29910312
1678965543.023875687;2023-03-16 11:19:03;-66;-16.4, -7.5;4.6, 0;22.29910312
1678965543.043316094;2023-03-16 11:19:03;-65;-16.4, -7.5;4.6, 0;22.29910312
1678965543.067660354;2023-03-16 11:19:03;-69;-16.4, -7.5;4.6, 0;22.29910312
1678965544.557914093;2023-03-16 11:19:04;-66;-16.4, -7.5;4.6, 0;22.29910312
1678965544.577344353;2023-03-16 11:19:04;-66;-16.4, -7.5;4.6, 0;22.29910312
1678965545.769176926;2023-03-16 11:19:05;-67;-16.4, -7.5;4.6, 0;22.29910312
1678965545.788497278;2023-03-16 11:19:05;-66;-16.4, -7.5;4.6, 0;22.29910312
1678965546.802939425;2023-03-16 11:19:06;17;-16.4, -7.5;4.6, 0;22.29910312
1678965547.170432296;2023-03-16 11:19:07;-71;-16.4, -7.5;4.6, 0;22.29910312
1678965547.420488166;2023-03-16 11:19:07;-73;-16.4, -7.5;4.6, 0;22.29910312
1678965547.845483017;2023-03-16 11:19:07;-75;-16.4, -7.5;4.6, 0;22.29910312
1678965547.865667999;2023-03-16 11:19:07;-77;-16.4, -7.5;4.6, 0;22.29910312
1678965552.339632348;2023-03-16 11:19:12;-66;-16.4, -7.5;4.6, 0;22.29910312
1678965552.358992329;2023-03-16 11:19:12;-66;-16.4, -7.5;4.6, 0;22.29910312
1678965552.973565274;2023-03-16 11:19:12;-67;-16.4, -7.5;4.6, 0;22.29910312
1678965552.995363403;2023-03-16 11:19:12;-65;-16.4, -7.5;4.6, 0;22.29910312
1678965553.406478051;2023-03-16 11:19:13;-69;-16.4, -7.5;4.6, 0;22.29910312
1678965553.870909143;2023-03-16 11:19:13;-69;-16.4, -7.5;4.6, 0;22.29910312
1678965554.183457847;2023-03-16 11:19:14;-67;-16.4, -7.5;4.6, 0;22.29910312
1678965555.606744513;2023-03-16 11:19:15;-69;-16.4, -7.5;4.6, 0;22.29910312
1678965556.990521327;2023-03-16 11:19:16;-45;-16.4, -7.5;4.6, 0;22.29910312
1678965560.937925713;2023-03-16 11:19:20;-67;-16.4, -7.5;4.6, 0;22.29910312
1678965560.959281954;2023-03-16 11:19:20;-67;-16.4, -7.5;4.6, 0;22.29910312
1678965561.625603065;2023-03-16 11:19:21;-72;-16.4, -7.5;4.6, 0;22.29910312
1678965561.645566528;2023-03-16 11:19:21;-68;-16.4, -7.5;4.6, 0;22.29910312
1678965562.055354861;2023-03-16 11:19:22;-67;-16.4, -7.5;4.6, 0;22.29910312
1678965562.490380416;2023-03-16 11:19:22;-67;-16.4, -7.5;4.6, 0;22.29910312
1678965562.839193101;2023-03-16 11:19:22;-67;-16.4, -7.5;4.6, 0;22.29910312
1678965562.860944897;2023-03-16 11:19:22;-67;-16.4, -7.5;4.6, 0;22.29910312
1678965563.296867564;2023-03-16 11:19:23;-69;-16.4, -7.5;4.6, 0;22.29910312
1678965575.449966168;2023-03-16 11:19:35;-71;-16.4, -7.5;4.6, 0;22.29910312
1678965591.815635010;2023-03-16 11:19:51;-67;-16.4, -7.5;4.6, 0;22.29910312
1678965591.859300436;2023-03-16 11:19:51;-66;-16.4, -7.5;4.6, 0;22.29910312
1678965591.879744584;2023-03-16 11:19:51;-65;-16.4, -7.5;4.6, 0;22.29910312
1678965591.923010176;2023-03-16 11:19:51;-69;-16.4, -7.5;4.6, 0;22.29910312
1678965600.041143857;2023-03-16 11:20:00;-67;-16.4, -7.5;4.6, 0;22.29910312
1678965600.389645116;2023-03-16 11:20:00;-67;-16.4, -7.5;4.6, 0;22.29910312
1678965601.345028485;2023-03-16 11:20:01;-68;-16.4, -7.5;4.6, 0;22.29910312
1678965601.363353782;2023-03-16 11:20:01;-67;-16.4, -7.5;4.6, 0;22.29910312
1678965601.529366948;2023-03-16 11:20:01;-65;-16.4, -7.5;4.6, 0;22.29910312
1678965602.479667596;2023-03-16 11:20:02;-84;-16.4, -7.5;4.6, 0;22.29910312
1678965602.498997022;2023-03-16 11:20:02;-66;-16.4, -7.5;4.6, 0;22.29910312
1678965602.649645596;2023-03-16 11:20:02;-65;-16.4, -7.5;4.6, 0;22.29910312
1678965602.668942966;2023-03-16 11:20:02;-65;-16.4, -7.5;4.6, 0;22.29910312
1678965602.988477873;2023-03-16 11:20:02;-67;-16.4, -7.5;4.6, 0;22.29910312
1678965603.033374262;2023-03-16 11:20:03;-65;-16.4, -7.5;4.6, 0;22.29910312
1678965603.078167966;2023-03-16 11:20:03;-69;-16.4, -7.5;4.6, 0;22.29910312
1678965603.623540410;2023-03-16 11:20:03;-67;-16.4, -7.5;4.6, 0;22.29910312
1678965603.645926836;2023-03-16 11:20:03;-67;-16.4, -7.5;4.6, 0;22.29910312
1678965605.055913465;2023-03-16 11:20:05;-66;-16.4, -7.5;4.6, 0;22.29910312
1678965606.197759575;2023-03-16 11:20:06;-75;-16.4, -7.5;4.6, 0;22.29910312
1678965609.658450629;2023-03-16 11:20:09;-66;-16.4, -7.5;4.6, 0;22.29910312
1678965610.119818628;2023-03-16 11:20:10;-67;-16.4, -7.5;4.6, 0;22.29910312
1678965611.023932961;2023-03-16 11:20:11;-66;-16.4, -7.5;4.6, 0;22.29910312
1678965611.611615387;2023-03-16 11:20:11;-67;-16.4, -7.5;4.6, 0;22.29910312
1678965612.319249164;2023-03-16 11:20:12;-67;-16.4, -7.5;4.6, 0;22.29910312
1678965612.340678794;2023-03-16 11:20:12;-65;-16.4, -7.5;4.6, 0;22.29910312
1678965613.589275145;2023-03-16 11:20:13;-69;-16.4, -7.5;4.6, 0;22.29910312
1678965613.610990163;2023-03-16 11:20:13;-69;-16.4, -7.5;4.6, 0;22.29910312
1678965614.044919941;2023-03-16 11:20:14;-66;-16.4, -7.5;4.6, 0;22.29910312
1678965614.064186663;2023-03-16 11:20:14;-67;-16.4, -7.5;4.6, 0;22.29910312
1678965614.230718478;2023-03-16 11:20:14;-66;-16.4, -7.5;4.6, 0;22.29910312
1678965614.253251015;2023-03-16 11:20:14;-66;-16.4, -7.5;4.6, 0;22.29910312
1678965614.315097200;2023-03-16 11:20:14;-63;-16.4, -7.5;4.6, 0;22.29910312
1678965615.042255681;2023-03-16 11:20:15;-68;-16.4, -7.5;4.6, 0;22.29910312
1678965615.065368959;2023-03-16 11:20:15;-68;-16.4, -7.5;4.6, 0;22.29910312
1678965619.421172549;2023-03-16 11:20:19;-67;-16.4, -7.5;4.6, 0;22.29910312
1678965619.443557141;2023-03-16 11:20:19;-67;-16.4, -7.5;4.6, 0;22.29910312
1678965619.564786123;2023-03-16 11:20:19;-65;-16.4, -7.5;4.6, 0;22.29910312
1678965619.587340789;2023-03-16 11:20:19;-65;-16.4, -7.5;4.6, 0;22.29910312
1678965619.821134419;2023-03-16 11:20:19;-67;-16.4, -7.5;4.6, 0;22.29910312
1678965619.864576586;2023-03-16 11:20:19;-66;-16.4, -7.5;4.6, 0;22.29910312
1678965619.909566771;2023-03-16 11:20:19;-69;-16.4, -7.5;4.6, 0;22.29910312
1678965621.099257585;2023-03-16 11:20:21;-67;-16.4, -7.5;4.6, 0;22.29910312
1678965621.215383344;2023-03-16 11:20:21;-66;-16.4, -7.5;4.6, 0;22.29910312
1678965621.237694325;2023-03-16 11:20:21;-67;-16.4, -7.5;4.6, 0;22.29910312
1678965621.920346677;2023-03-16 11:20:21;-66;-16.4, -7.5;4.6, 0;22.29910312
1678965622.043784566;2023-03-16 11:20:22;-66;-16.4, -7.5;4.6, 0;22.29910312
1678965622.066186232;2023-03-16 11:20:22;-63;-16.4, -7.5;4.6, 0;22.29910312
1678965622.758794047;2023-03-16 11:20:22;-66;-16.4, -7.5;4.6, 0;22.29910312
1678965622.878643824;2023-03-16 11:20:22;-63;-16.4, -7.5;4.6, 0;22.29910312
1678965622.897957695;2023-03-16 11:20:22;-65;-16.4, -7.5;4.6, 0;22.29910312
1678965623.863426009;2023-03-16 11:20:23;-67;-16.4, -7.5;4.6, 0;22.29910312
1678965624.858064453;2023-03-16 11:20:24;-68;-16.4, -7.5;4.6, 0;22.29910312
1678965624.966123453;2023-03-16 11:20:24;-72;-16.4, -7.5;4.6, 0;22.29910312
1678965625.132084138;2023-03-16 11:20:25;-77;-16.4, -7.5;4.6, 0;22.29910312
1678965625.242352712;2023-03-16 11:20:25;-71;-16.4, -7.5;4.6, 0;22.29910312
1678965628.871111858;2023-03-16 11:20:28;-67;-16.4, -7.5;4.6, 0;22.29910312
1678965628.979880839;2023-03-16 11:20:28;-66;-16.4, -7.5;4.6, 0;22.29910312
1678965629.681267635;2023-03-16 11:20:29;-67;-16.4, -7.5;4.6, 0;22.29910312
1678965629.699596357;2023-03-16 11:20:29;-67;-16.4, -7.5;4.6, 0;22.29910312
1678965629.775407506;2023-03-16 11:20:29;-65;-16.4, -7.5;4.6, 0;22.29910312
1678965629.797197857;2023-03-16 11:20:29;-65;-16.4, -7.5;4.6, 0;22.29910312
1678965630.479905116;2023-03-16 11:20:30;-66;-16.4, -7.5;4.6, 0;22.29910312
1678965630.500220672;2023-03-16 11:20:30;-67;-16.4, -7.5;4.6, 0;22.29910312
1678965630.611143949;2023-03-16 11:20:30;-65;-16.4, -7.5;4.6, 0;22.29910312
1678965630.630502116;2023-03-16 11:20:30;-65;-16.4, -7.5;4.6, 0;22.29910312
1678965631.095914486;2023-03-16 11:20:31;-66;-16.4, -7.5;4.6, 0;22.29910312
1678965631.139666023;2023-03-16 11:20:31;-69;-16.4, -7.5;4.6, 0;22.29910312
1678965632.988170004;2023-03-16 11:20:32;-66;-16.4, -7.5;4.6, 0;22.29910312
1678965633.009944300;2023-03-16 11:20:33;-67;-16.4, -7.5;4.6, 0;22.29910312
1678965633.654903744;2023-03-16 11:20:33;-67;-16.4, -7.5;4.6, 0;22.29910312
1678965633.899049299;2023-03-16 11:20:33;-71;-16.4, -7.5;4.6, 0;22.29910312
1678965639.665582037;2023-03-16 11:20:39;-69;-16.4, -7.5;4.6, 0;22.29910312
1678965639.709125018;2023-03-16 11:20:39;-69;-16.4, -7.5;4.6, 0;22.29910312
1678965640.628150129;2023-03-16 11:20:40;-69;-16.4, -7.5;4.6, 0;22.29910312
1678965640.668698240;2023-03-16 11:20:40;-66;-16.4, -7.5;4.6, 0;22.29910312
1678965640.678382851;2023-03-16 11:20:40;-65;-16.4, -7.5;4.6, 0;22.29910312
1678965643.038461331;2023-03-16 11:20:43;-67;-16.4, -7.5;4.6, 0;22.29910312
1678965643.083454294;2023-03-16 11:20:43;-66;-16.4, -7.5;4.6, 0;22.29910312
1678965643.150866275;2023-03-16 11:20:43;-64;-16.4, -7.5;4.6, 0;22.29910312
1678965643.177436423;2023-03-16 11:20:43;-65;-16.4, -7.5;4.6, 0;22.29910312
1678965649.866721197;2023-03-16 11:20:49;-66;-16.4, -7.5;4.6, 0;22.29910312
1678965653.586993380;2023-03-16 11:20:53;-70;-16.4, -7.5;4.6, 0;22.29910312
1678965653.607980584;2023-03-16 11:20:53;-72;-16.4, -7.5;4.6, 0;22.29910312
1678965659.453130784;2023-03-16 11:20:59;-67;-16.4, -7.5;4.6, 0;22.29910312
1678965659.478952266;2023-03-16 11:20:59;-67;-16.4, -7.5;4.6, 0;22.29910312
1678965659.740713062;2023-03-16 11:20:59;-66;-16.4, -7.5;4.6, 0;22.29910312
1678965659.761484173;2023-03-16 11:20:59;-64;-16.4, -7.5;4.6, 0;22.29910312
1678965660.625542506;2023-03-16 11:21:00;-67;-16.4, -7.5;4.6, 0;22.29910312
1678965662.018191597;2023-03-16 11:21:02;-67;-16.4, -7.5;4.6, 0;22.29910312
1678965662.038905449;2023-03-16 11:21:02;-67;-16.4, -7.5;4.6, 0;22.29910312
1678965663.123791597;2023-03-16 11:21:03;-65;-16.4, -7.5;4.6, 0;22.29910312
1678965663.231505023;2023-03-16 11:21:03;-67;-16.4, -7.5;4.6, 0;22.29910312
1678965663.646152726;2023-03-16 11:21:03;17;-16.4, -7.5;4.6, 0;22.29910312
1678965664.020188281;2023-03-16 11:21:04;-72;-16.4, -7.5;4.6, 0;22.29910312
1678965667.653993668;2023-03-16 11:21:07;-69;-16.4, -7.5;4.6, 0;22.29910312
1678965667.673608020;2023-03-16 11:21:07;-67;-16.4, -7.5;4.6, 0;22.29910312
1678965667.770232001;2023-03-16 11:21:07;-66;-16.4, -7.5;4.6, 0;22.29910312
1678965667.789909613;2023-03-16 11:21:07;-65;-16.4, -7.5;4.6, 0;22.29910312
1678965668.469286223;2023-03-16 11:21:08;-68;-16.4, -7.5;4.6, 0;22.29910312
1678965668.492106649;2023-03-16 11:21:08;-67;-16.4, -7.5;4.6, 0;22.29910312
1678965668.600237742;2023-03-16 11:21:08;-65;-16.4, -7.5;4.6, 0;22.29910312
1678965668.620683464;2023-03-16 11:21:08;-65;-16.4, -7.5;4.6, 0;22.29910312
1678965668.653780205;2023-03-16 11:21:08;-65;-16.4, -7.5;4.6, 0;22.29910312
1678965668.697517575;2023-03-16 11:21:08;-65;-16.4, -7.5;4.6, 0;22.29910312
1678965668.716877390;2023-03-16 11:21:08;-67;-16.4, -7.5;4.6, 0;22.29910312
1678965668.742504464;2023-03-16 11:21:08;-70;-16.4, -7.5;4.6, 0;22.29910312
1678965668.761894297;2023-03-16 11:21:08;-69;-16.4, -7.5;4.6, 0;22.29910312
1678965673.281957943;2023-03-16 11:21:13;-67;-16.4, -7.5;4.6, 0;22.29910312
1678965673.303741665;2023-03-16 11:21:13;-67;-16.4, -7.5;4.6, 0;22.29910312
1678965673.485467591;2023-03-16 11:21:13;-68;-16.4, -7.5;4.6, 0;22.29910312
1678965673.770790239;2023-03-16 11:21:13;-79;-16.4, -7.5;4.6, 0;22.29910312
1678965677.359077829;2023-03-16 11:21:17;-66;-16.4, -7.5;4.6, 0;22.29910312
1678965677.378417199;2023-03-16 11:21:17;-68;-16.4, -7.5;4.6, 0;22.29910312
1678965677.498932625;2023-03-16 11:21:17;-65;-16.4, -7.5;4.6, 0;22.29910312
1678965678.169341199;2023-03-16 11:21:18;-67;-16.4, -7.5;4.6, 0;22.29910312
1678965678.308302680;2023-03-16 11:21:18;-67;-16.4, -7.5;4.6, 0;22.29910312
1678965678.329078347;2023-03-16 11:21:18;-67;-16.4, -7.5;4.6, 0;22.29910312
1678965679.001564624;2023-03-16 11:21:19;-67;-16.4, -7.5;4.6, 0;22.29910312
1678965679.130668495;2023-03-16 11:21:19;-67;-16.4, -7.5;4.6, 0;22.29910312
1678965679.825001420;2023-03-16 11:21:19;-67;-16.4, -7.5;4.6, 0;22.29910312
1678965679.846599420;2023-03-16 11:21:19;-67;-16.4, -7.5;4.6, 0;22.29910312
1678965679.885098920;2023-03-16 11:21:19;-66;-16.4, -7.5;4.6, 0;22.29910312
1678965679.928559513;2023-03-16 11:21:19;-67;-16.4, -7.5;4.6, 0;22.29910312
1678965679.991923846;2023-03-16 11:21:19;-70;-16.4, -7.5;4.6, 0;22.29910312
1678965680.619743216;2023-03-16 11:21:20;-69;-16.4, -7.5;4.6, 0;22.29910312
1678965680.638050234;2023-03-16 11:21:20;-67;-16.4, -7.5;4.6, 0;22.29910312
1678965680.690328179;2023-03-16 11:21:20;-65;-16.4, -7.5;4.6, 0;22.29910312
1678965681.641597938;2023-03-16 11:21:21;-69;-16.4, -7.5;4.6, 0;22.29910312
1678965681.660972549;2023-03-16 11:21:21;-69;-16.4, -7.5;4.6, 0;22.29910312
1678965682.400715122;2023-03-16 11:21:22;-66;-16.4, -7.5;4.6, 0;22.29910312
1678965682.665397530;2023-03-16 11:21:22;-71;-16.4, -7.5;4.6, 0;22.29910312
1678965682.685011622;2023-03-16 11:21:22;-71;-16.4, -7.5;4.6, 0;22.29910312
1678965687.866360767;2023-03-16 11:21:27;-70;-16.4, -7.5;4.6, 0;22.29910312
1678965721.298225729;2023-03-16 11:22:01;-67;-16.4, -7.5;4.6, 0;22.29910312
1678965722.014583951;2023-03-16 11:22:02;-67;-16.4, -7.5;4.6, 0;22.29910312
1678965722.034199747;2023-03-16 11:22:02;-67;-16.4, -7.5;4.6, 0;22.29910312
1678965723.112993191;2023-03-16 11:22:03;-65;-16.4, -7.5;4.6, 0;22.29910312
1678965723.156691098;2023-03-16 11:22:03;-69;-16.4, -7.5;4.6, 0;22.29910312
1678965723.176020061;2023-03-16 11:22:03;-69;-16.4, -7.5;4.6, 0;22.29910312
1678965724.340021134;2023-03-16 11:22:04;-67;-16.4, -7.5;4.6, 0;22.29910312
1678965726.002057874;2023-03-16 11:22:06;-67;-16.4, -7.5;4.6, 0;22.29910312
1678965726.962514040;2023-03-16 11:22:06;-74;-16.4, -7.5;4.6, 0;22.29910312
1678965727.190727577;2023-03-16 11:22:07;-73;-16.4, -7.5;4.6, 0;22.29910312
1678965727.211090892;2023-03-16 11:22:07;-75;-16.4, -7.5;4.6, 0;22.29910312
1678965727.290831762;2023-03-16 11:22:07;-72;-16.4, -7.5;4.6, 0;22.29910312
1678965732.691281352;2023-03-16 11:22:12;-67;-16.4, -7.5;4.6, 0;22.29910312
1678965732.712743481;2023-03-16 11:22:12;-67;-16.4, -7.5;4.6, 0;22.29910312
1678965733.592593147;2023-03-16 11:22:13;-68;-16.4, -7.5;4.6, 0;22.29910312
1678965733.612954962;2023-03-16 11:22:13;-70;-16.4, -7.5;4.6, 0;22.29910312
1678965734.295554703;2023-03-16 11:22:14;-67;-16.4, -7.5;4.6, 0;22.29910312
1678965734.363104869;2023-03-16 11:22:14;-69;-16.4, -7.5;4.6, 0;22.29910312
1678965735.303978998;2023-03-16 11:22:15;-68;-16.4, -7.5;4.6, 0;22.29910312
1678965735.468609646;2023-03-16 11:22:15;-66;-16.4, -7.5;4.6, 0;22.29910312
1678965736.558483497;2023-03-16 11:22:16;-68;-16.4, -7.5;4.6, 0;22.29910312
1678965740.249679532;2023-03-16 11:22:20;-67;-16.4, -7.5;4.6, 0;22.29910312
1678965740.410942847;2023-03-16 11:22:20;-67;-16.4, -7.5;4.6, 0;22.29910312
1678965740.429846940;2023-03-16 11:22:20;-65;-16.4, -7.5;4.6, 0;22.29910312
1678965740.862460495;2023-03-16 11:22:20;-66;-16.4, -7.5;4.6, 0;22.29910312
1678965740.908097976;2023-03-16 11:22:20;-65;-16.4, -7.5;4.6, 0;22.29910312
1678965740.951889810;2023-03-16 11:22:20;-69;-16.4, -7.5;4.6, 0;22.29910312
1678965741.538401420;2023-03-16 11:22:21;-67;-16.4, -7.5;4.6, 0;22.29910312
1678965741.559851994;2023-03-16 11:22:21;-67;-16.4, -7.5;4.6, 0;22.29910312
1678965742.405855327;2023-03-16 11:22:22;-67;-16.4, -7.5;4.6, 0;22.29910312
1678965742.425623309;2023-03-16 11:22:22;-67;-16.4, -7.5;4.6, 0;22.29910312
1678965742.664644735;2023-03-16 11:22:22;-67;-16.4, -7.5;4.6, 0;22.29910312
1678965743.289283345;2023-03-16 11:22:23;-67;-16.4, -7.5;4.6, 0;22.29910312
1678965743.461840808;2023-03-16 11:22:23;-66;-16.4, -7.5;4.6, 0;22.29910312
1678965743.480734012;2023-03-16 11:22:23;-66;-16.4, -7.5;4.6, 0;22.29910312
1678965746.972851991;2023-03-16 11:22:26;-67;-16.4, -7.5;4.6, 0;22.29910312
1678965746.990382751;2023-03-16 11:22:26;-67;-16.4, -7.5;4.6, 0;22.29910312
1678965788.677347503;2023-03-16 11:23:08;-69;-16.4, -7.5;4.6, 0;22.29910312
1678965789.318847688;2023-03-16 11:23:09;-68;-16.4, -7.5;4.6, 0;22.29910312
1678965789.338139503;2023-03-16 11:23:09;-67;-16.4, -7.5;4.6, 0;22.29910312
1678965789.423842966;2023-03-16 11:23:09;-65;-16.4, -7.5;4.6, 0;22.29910312
1678965789.443335596;2023-03-16 11:23:09;-65;-16.4, -7.5;4.6, 0;22.29910312
1678965790.507010743;2023-03-16 11:23:10;-67;-16.4, -7.5;4.6, 0;22.29910312
1678965790.525283021;2023-03-16 11:23:10;-66;-16.4, -7.5;4.6, 0;22.29910312
1678965790.607860502;2023-03-16 11:23:10;-68;-16.4, -7.5;4.6, 0;22.29910312
1678965791.629509613;2023-03-16 11:23:11;-69;-16.4, -7.5;4.6, 0;22.29910312
1678965791.756362816;2023-03-16 11:23:11;-67;-16.4, -7.5;4.6, 0;22.29910312
1678965792.929044964;2023-03-16 11:23:12;-65;-16.4, -7.5;4.6, 0;22.29910312
1678965794.448928611;2023-03-16 11:23:14;-69;-16.4, -7.5;4.6, 0;22.29910312
1678965799.035199590;2023-03-16 11:23:19;-67;-16.4, -7.5;4.6, 0;22.29910312
1678965799.055346590;2023-03-16 11:23:19;-67;-16.4, -7.5;4.6, 0;22.29910312
1678965799.168071460;2023-03-16 11:23:19;-66;-16.4, -7.5;4.6, 0;22.29910312
1678965799.186612645;2023-03-16 11:23:19;-65;-16.4, -7.5;4.6, 0;22.29910312
1678965799.800026904;2023-03-16 11:23:19;-68;-16.4, -7.5;4.6, 0;22.29910312
1678965799.866233219;2023-03-16 11:23:19;-69;-16.4, -7.5;4.6, 0;22.29910312
1678965800.583959700;2023-03-16 11:23:20;-68;-16.4, -7.5;4.6, 0;22.29910312
1678965800.870141811;2023-03-16 11:23:20;-67;-16.4, -7.5;4.6, 0;22.29910312
1678965800.891501144;2023-03-16 11:23:20;-65;-16.4, -7.5;4.6, 0;22.29910312
1678965802.291383551;2023-03-16 11:23:22;-67;-16.4, -7.5;4.6, 0;22.29910312
1678965802.313026125;2023-03-16 11:23:22;-68;-16.4, -7.5;4.6, 0;22.29910312
1678965802.561473903;2023-03-16 11:23:22;-65;-16.4, -7.5;4.6, 0;22.29910312
1678965802.581591495;2023-03-16 11:23:22;-65;-16.4, -7.5;4.6, 0;22.29910312
1678965803.771844180;2023-03-16 11:23:23;-72;-16.4, -7.5;4.6, 0;22.29910312
1678965840.618552658;2023-03-16 11:24:00;-67;-16.4, -7.5;4.6, 0;22.29910312
1678965840.640730861;2023-03-16 11:24:00;-69;-16.4, -7.5;4.6, 0;22.29910312
1678965840.949666380;2023-03-16 11:24:00;-66;-16.4, -7.5;4.6, 0;22.29910312
1678965840.970589472;2023-03-16 11:24:00;-65;-16.4, -7.5;4.6, 0;22.29910312
1678965843.249074471;2023-03-16 11:24:03;-73;-16.4, -7.5;4.6, 0;22.29910312
1678965843.382896175;2023-03-16 11:24:03;-65;-16.4, -7.5;4.6, 0;22.29910312
1678965843.431669267;2023-03-16 11:24:03;-66;-16.4, -7.5;4.6, 0;22.29910312
1678965846.763139098;2023-03-16 11:24:06;-66;-16.4, -7.5;4.6, 0;22.29910312
1678965846.951228913;2023-03-16 11:24:06;-67;-16.4, -7.5;4.6, 0;22.29910312
1678965847.435627505;2023-03-16 11:24:07;-67;-16.4, -7.5;4.6, 0;22.29910312
1678965847.784441561;2023-03-16 11:24:07;-67;-16.4, -7.5;4.6, 0;22.29910312
1678965847.803772542;2023-03-16 11:24:07;-69;-16.4, -7.5;4.6, 0;22.29910312
1678965848.601893523;2023-03-16 11:24:08;-67;-16.4, -7.5;4.6, 0;22.29910312
1678965848.624384894;2023-03-16 11:24:08;-67;-16.4, -7.5;4.6, 0;22.29910312
1678965848.674158412;2023-03-16 11:24:08;-66;-16.4, -7.5;4.6, 0;22.29910312
1678965848.739154579;2023-03-16 11:24:08;-69;-16.4, -7.5;4.6, 0;22.29910312
1678965848.758500782;2023-03-16 11:24:08;-69;-16.4, -7.5;4.6, 0;22.29910312
1678965849.518642338;2023-03-16 11:24:09;-68;-16.4, -7.5;4.6, 0;22.29910312
1678965849.538533708;2023-03-16 11:24:09;-67;-16.4, -7.5;4.6, 0;22.29910312
1678965852.128608169;2023-03-16 11:24:12;-72;-16.4, -7.5;4.6, 0;22.29910312
1678965852.470604558;2023-03-16 11:24:12;17;-16.4, -7.5;4.6, 0;22.29910312
1678965853.389160594;2023-03-16 11:24:13;-71;-16.4, -7.5;4.6, 0;22.29910312
1678965857.213272907;2023-03-16 11:24:17;-67;-16.4, -7.5;4.6, 0;22.29910312
1678965857.233534814;2023-03-16 11:24:17;-67;-16.4, -7.5;4.6, 0;22.29910312
1678965857.449502870;2023-03-16 11:24:17;-65;-16.4, -7.5;4.6, 0;22.29910312
1678965858.368314092;2023-03-16 11:24:18;-66;-16.4, -7.5;4.6, 0;22.29910312
1678965858.534537203;2023-03-16 11:24:18;-65;-16.4, -7.5;4.6, 0;22.29910312
1678965859.208759850;2023-03-16 11:24:19;-67;-16.4, -7.5;4.6, 0;22.29910312
1678965859.334591535;2023-03-16 11:24:19;-68;-16.4, -7.5;4.6, 0;22.29910312
1678965860.038528239;2023-03-16 11:24:20;-68;-16.4, -7.5;4.6, 0;22.29910312
1678965860.259671627;2023-03-16 11:24:20;-67;-16.4, -7.5;4.6, 0;22.29910312
1678965860.890542942;2023-03-16 11:24:20;-68;-16.4, -7.5;4.6, 0;22.29910312
1678965860.909896942;2023-03-16 11:24:20;-68;-16.4, -7.5;4.6, 0;22.29910312
1678965860.934257683;2023-03-16 11:24:20;-67;-16.4, -7.5;4.6, 0;22.29910312
1678965860.953615516;2023-03-16 11:24:20;-66;-16.4, -7.5;4.6, 0;22.29910312
1678965860.979281775;2023-03-16 11:24:20;-69;-16.4, -7.5;4.6, 0;22.29910312
1678965862.542034108;2023-03-16 11:24:22;-68;-16.4, -7.5;4.6, 0;22.29910312
1678965862.698317256;2023-03-16 11:24:22;-70;-16.4, -7.5;4.6, 0;22.29910312
1678965862.964789811;2023-03-16 11:24:22;-76;-16.4, -7.5;4.6, 0;22.29910312
1678965866.549905957;2023-03-16 11:24:26;-65;-16.4, -7.5;4.6, 0;22.29910312
1678965866.574369772;2023-03-16 11:24:26;-67;-16.4, -7.5;4.6, 0;22.29910312
1678965866.618046235;2023-03-16 11:24:26;-70;-16.4, -7.5;4.6, 0;22.29910312
1678965867.290954679;2023-03-16 11:24:27;-67;-16.4, -7.5;4.6, 0;22.29910312
1678965867.388594419;2023-03-16 11:24:27;-67;-16.4, -7.5;4.6, 0;22.29910312
1678965867.408057105;2023-03-16 11:24:27;-64;-16.4, -7.5;4.6, 0;22.29910312
1678965867.807342678;2023-03-16 11:24:27;-72;-16.4, -7.5;4.6, 0;22.29910312
1678965868.964566789;2023-03-16 11:24:28;-74;-16.4, -7.5;4.6, 0;22.29910312
1678965871.880260232;2023-03-16 11:24:31;-66;-16.4, -7.5;4.6, 0;22.29910312
1678965872.730881639;2023-03-16 11:24:32;-67;-16.4, -7.5;4.6, 0;22.29910312
1678965873.171070768;2023-03-16 11:24:33;-67;-16.4, -7.5;4.6, 0;22.29910312
1678965873.193130786;2023-03-16 11:24:33;-67;-16.4, -7.5;4.6, 0;22.29910312
1678965873.259377879;2023-03-16 11:24:33;-69;-16.4, -7.5;4.6, 0;22.29910312
1678965873.872749416;2023-03-16 11:24:33;-64;-16.4, -7.5;4.6, 0;22.29910312
1678965874.070360230;2023-03-16 11:24:34;-65;-16.4, -7.5;4.6, 0;22.29910312
1678965874.090223638;2023-03-16 11:24:34;-66;-16.4, -7.5;4.6, 0;22.29910312
1678965875.120251619;2023-03-16 11:24:35;-67;-16.4, -7.5;4.6, 0;22.29910312
1678965875.894649785;2023-03-16 11:24:35;-67;-16.4, -7.5;4.6, 0;22.29910312
1678965875.914680044;2023-03-16 11:24:35;-66;-16.4, -7.5;4.6, 0;22.29910312
1678965876.670321155;2023-03-16 11:24:36;-66;-16.4, -7.5;4.6, 0;22.29910312
1678965877.645766765;2023-03-16 11:24:37;-67;-16.4, -7.5;4.6, 0;22.29910312
1678965881.641003855;2023-03-16 11:24:41;-67;-16.4, -7.5;4.6, 0;22.29910312
1678965881.661324392;2023-03-16 11:24:41;-68;-16.4, -7.5;4.6, 0;22.29910312
1678965881.768432985;2023-03-16 11:24:41;-67;-16.4, -7.5;4.6, 0;22.29910312
1678965882.461031948;2023-03-16 11:24:42;-67;-16.4, -7.5;4.6, 0;22.29910312
1678965882.479730614;2023-03-16 11:24:42;-67;-16.4, -7.5;4.6, 0;22.29910312
1678965882.599710670;2023-03-16 11:24:42;-64;-16.4, -7.5;4.6, 0;22.29910312
1678965882.620272207;2023-03-16 11:24:42;-65;-16.4, -7.5;4.6, 0;22.29910312
1678965883.320969854;2023-03-16 11:24:43;-66;-16.4, -7.5;4.6, 0;22.29910312
1678965883.455990040;2023-03-16 11:24:43;-67;-16.4, -7.5;4.6, 0;22.29910312
1678965884.134914835;2023-03-16 11:24:44;-65;-16.4, -7.5;4.6, 0;22.29910312
1678965884.154250224;2023-03-16 11:24:44;-70;-16.4, -7.5;4.6, 0;22.29910312
1678965884.269755206;2023-03-16 11:24:44;-65;-16.4, -7.5;4.6, 0;22.29910312
1678965884.372191558;2023-03-16 11:24:44;-65;-16.4, -7.5;4.6, 0;22.29910312
1678965884.414462095;2023-03-16 11:24:44;-66;-16.4, -7.5;4.6, 0;22.29910312
1678965884.458236335;2023-03-16 11:24:44;-69;-16.4, -7.5;4.6, 0;22.29910312
1678965884.477740798;2023-03-16 11:24:44;-69;-16.4, -7.5;4.6, 0;22.29910312
1678965894.389668792;2023-03-16 11:24:54;-66;-16.4, -7.5;4.6, 0;22.29910312
1678965894.410341903;2023-03-16 11:24:54;-67;-16.4, -7.5;4.6, 0;22.29910312
1678965894.571845292;2023-03-16 11:24:54;-65;-16.4, -7.5;4.6, 0;22.29910312
1678965894.593305440;2023-03-16 11:24:54;-64;-16.4, -7.5;4.6, 0;22.29910312
1678965898.017895920;2023-03-16 11:24:58;-68;-16.4, -7.5;4.6, 0;22.29910312
1678965903.169831546;2023-03-16 11:25:03;-69;-16.4, -7.5;4.6, 0;22.29910312
1678965907.775001099;2023-03-16 11:25:07;-73;-16.4, -7.5;4.6, 0;22.29910312
1678965911.198146856;2023-03-16 11:25:11;-68;-16.4, -7.5;4.6, 0;22.29910312
1678965911.219994449;2023-03-16 11:25:11;-66;-16.4, -7.5;4.6, 0;22.29910312
1678965912.140072504;2023-03-16 11:25:12;-67;-16.4, -7.5;4.6, 0;22.29910312
1678965913.406918188;2023-03-16 11:25:13;-66;-16.4, -7.5;4.6, 0;22.29910312
1678965913.427268614;2023-03-16 11:25:13;-63;-16.4, -7.5;4.6, 0;22.29910312
1678965913.600335836;2023-03-16 11:25:13;-65;-16.4, -7.5;4.6, 0;22.29910312
1678965913.620567336;2023-03-16 11:25:13;-65;-16.4, -7.5;4.6, 0;22.29910312
1678965914.262360243;2023-03-16 11:25:14;-67;-16.4, -7.5;4.6, 0;22.29910312
1678965914.306060632;2023-03-16 11:25:14;-66;-16.4, -7.5;4.6, 0;22.29910312
1678965915.074133336;2023-03-16 11:25:15;-66;-16.4, -7.5;4.6, 0;22.29910312
1678965915.380454132;2023-03-16 11:25:15;-67;-16.4, -7.5;4.6, 0;22.29910312
1678965916.473806520;2023-03-16 11:25:16;17;-16.4, -7.5;4.6, 0;22.29910312
1678965916.500343538;2023-03-16 11:25:16;-66;-16.4, -7.5;4.6, 0;22.29910312
1678965916.687547964;2023-03-16 11:25:16;-68;-16.4, -7.5;4.6, 0;22.29910312
1678965917.590082223;2023-03-16 11:25:17;-74;-16.4, -7.5;4.6, 0;22.29910312
1678965921.472034072;2023-03-16 11:25:21;-66;-16.4, -7.5;4.6, 0;22.29910312
1678965921.535338554;2023-03-16 11:25:21;-66;-16.4, -7.5;4.6, 0;22.29910312
1678965923.472588571;2023-03-16 11:25:23;-67;-16.4, -7.5;4.6, 0;22.29910312
1678965923.492008682;2023-03-16 11:25:23;-68;-16.4, -7.5;4.6, 0;22.29910312
1678965923.588876942;2023-03-16 11:25:23;-67;-16.4, -7.5;4.6, 0;22.29910312
1678965962.074234641;2023-03-16 11:26:02;-65;-16.4, -7.5;4.6, 0;22.29910312
1678965963.012261381;2023-03-16 11:26:03;-67;-16.4, -7.5;4.6, 0;22.29910312
1678965963.055271492;2023-03-16 11:26:03;-66;-16.4, -7.5;4.6, 0;22.29910312
1678965964.051457066;2023-03-16 11:26:04;-66;-16.4, -7.5;4.6, 0;22.29910312
1678965964.071759343;2023-03-16 11:26:04;-66;-16.4, -7.5;4.6, 0;22.29910312
1678965965.219408195;2023-03-16 11:26:05;17;-16.4, -7.5;4.6, 0;22.29910312
1678965965.508027176;2023-03-16 11:26:05;-73;-16.4, -7.5;4.6, 0;22.29910312
1678965965.905526583;2023-03-16 11:26:05;-76;-16.4, -7.5;4.6, 0;22.29910312
1678965965.929058287;2023-03-16 11:26:05;-74;-16.4, -7.5;4.6, 0;22.29910312
1678965969.374339377;2023-03-16 11:26:09;-68;-16.4, -7.5;4.6, 0;22.29910312
1678965970.092773321;2023-03-16 11:26:10;-67;-16.4, -7.5;4.6, 0;22.29910312
1678965970.841831117;2023-03-16 11:26:10;-67;-16.4, -7.5;4.6, 0;22.29910312
1678965971.361656635;2023-03-16 11:26:11;-67;-16.4, -7.5;4.6, 0;22.29910312
1678965972.073128172;2023-03-16 11:26:12;-68;-16.4, -7.5;4.6, 0;22.29910312
1678965972.093694153;2023-03-16 11:26:12;-67;-16.4, -7.5;4.6, 0;22.29910312
1678965972.579983764;2023-03-16 11:26:12;-69;-16.4, -7.5;4.6, 0;22.29910312
1678965972.600462042;2023-03-16 11:26:12;-68;-16.4, -7.5;4.6, 0;22.29910312
1678965973.229593301;2023-03-16 11:26:13;-67;-16.4, -7.5;4.6, 0;22.29910312
1678965973.605743949;2023-03-16 11:26:13;-66;-16.4, -7.5;4.6, 0;22.29910312
1678965974.235362337;2023-03-16 11:26:14;-72;-16.4, -7.5;4.6, 0;22.29910312
1678965974.346632134;2023-03-16 11:26:14;-67;-16.4, -7.5;4.6, 0;22.29910312
1678965974.369106874;2023-03-16 11:26:14;-67;-16.4, -7.5;4.6, 0;22.29910312
1678965974.392201911;2023-03-16 11:26:14;17;-16.4, -7.5;4.6, 0;22.29910312
1678965974.480473522;2023-03-16 11:26:14;15;-16.4, -7.5;4.6, 0;22.29910312
1678965975.086882207;2023-03-16 11:26:15;-107;-16.4, -7.5;4.6, 0;22.29910312
1678965975.106671540;2023-03-16 11:26:15;-75;-16.4, -7.5;4.6, 0;22.29910312
1678965978.899375483;2023-03-16 11:26:18;-67;-16.4, -7.5;4.6, 0;22.29910312
1678965979.353844482;2023-03-16 11:26:19;-67;-16.4, -7.5;4.6, 0;22.29910312
1678965979.750915315;2023-03-16 11:26:19;-67;-16.4, -7.5;4.6, 0;22.29910312
1678965979.851827482;2023-03-16 11:26:19;-65;-16.4, -7.5;4.6, 0;22.29910312
1678965979.894791593;2023-03-16 11:26:19;-66;-16.4, -7.5;4.6, 0;22.29910312
1678965980.540254722;2023-03-16 11:26:20;-67;-16.4, -7.5;4.6, 0;22.29910312
1678965981.070948333;2023-03-16 11:26:21;-69;-16.4, -7.5;4.6, 0;22.29910312
1678965981.701363611;2023-03-16 11:26:21;-67;-16.4, -7.5;4.6, 0;22.29910312
1678965982.118272055;2023-03-16 11:26:22;-68;-16.4, -7.5;4.6, 0;22.29910312
1678965982.137840870;2023-03-16 11:26:22;-67;-16.4, -7.5;4.6, 0;22.29910312
1678965982.534366184;2023-03-16 11:26:22;-70;-16.4, -7.5;4.6, 0;22.29910312
1678965982.974934277;2023-03-16 11:26:22;-67;-16.4, -7.5;4.6, 0;22.29910312
1678965982.996351758;2023-03-16 11:26:22;-67;-16.4, -7.5;4.6, 0;22.29910312
1678965998.526820638;2023-03-16 11:26:38;-68;-16.4, -7.5;4.6, 0;22.29910312
1678965999.652143618;2023-03-16 11:26:39;-69;-16.4, -7.5;4.6, 0;22.29910312
1678965999.672121433;2023-03-16 11:26:39;-68;-16.4, -7.5;4.6, 0;22.29910312
1678966029.761150100;2023-03-16 11:27:09;-67;-16.4, -7.5;4.6, 0;22.29910312
1678966029.780453323;2023-03-16 11:27:09;-67;-16.4, -7.5;4.6, 0;22.29910312
1678966029.881163137;2023-03-16 11:27:09;-64;-16.4, -7.5;4.6, 0;22.29910312
1678966030.890099192;2023-03-16 11:27:10;-67;-16.4, -7.5;4.6, 0;22.29910312
1678966030.911294526;2023-03-16 11:27:10;-67;-16.4, -7.5;4.6, 0;22.29910312
1678966031.079900452;2023-03-16 11:27:11;-67;-16.4, -7.5;4.6, 0;22.29910312
1678966032.048697507;2023-03-16 11:27:12;-67;-16.4, -7.5;4.6, 0;22.29910312
1678966032.067977284;2023-03-16 11:27:12;-67;-16.4, -7.5;4.6, 0;22.29910312
1678966032.249673895;2023-03-16 11:27:12;-65;-16.4, -7.5;4.6, 0;22.29910312
1678966032.563005154;2023-03-16 11:27:12;-70;-16.4, -7.5;4.6, 0;22.29910312
1678966033.722469561;2023-03-16 11:27:13;-70;-16.4, -7.5;4.6, 0;22.29910312
1678966033.788719913;2023-03-16 11:27:13;-70;-16.4, -7.5;4.6, 0;22.29910312
1678966037.390280763;2023-03-16 11:27:17;-67;-16.4, -7.5;4.6, 0;22.29910312
1678966037.527524800;2023-03-16 11:27:17;-67;-16.4, -7.5;4.6, 0;22.29910312
1678966037.550445800;2023-03-16 11:27:17;-67;-16.4, -7.5;4.6, 0;22.29910312
1678966038.191783021;2023-03-16 11:27:18;-66;-16.4, -7.5;4.6, 0;22.29910312
1678966038.213596077;2023-03-16 11:27:18;-67;-16.4, -7.5;4.6, 0;22.29910312
1678966038.359593392;2023-03-16 11:27:18;-67;-16.4, -7.5;4.6, 0;22.29910312
1678966039.030682780;2023-03-16 11:27:19;-67;-16.4, -7.5;4.6, 0;22.29910312
1678966039.155181262;2023-03-16 11:27:19;-68;-16.4, -7.5;4.6, 0;22.29910312
1678966039.807282280;2023-03-16 11:27:19;-67;-16.4, -7.5;4.6, 0;22.29910312
1678966039.851059020;2023-03-16 11:27:19;-66;-16.4, -7.5;4.6, 0;22.29910312
1678966039.870359798;2023-03-16 11:27:19;-66;-16.4, -7.5;4.6, 0;22.29910312
1678966039.894936409;2023-03-16 11:27:19;-69;-16.4, -7.5;4.6, 0;22.29910312
1678966040.551487298;2023-03-16 11:27:20;-66;-16.4, -7.5;4.6, 0;22.29910312
1678966040.571503594;2023-03-16 11:27:20;-66;-16.4, -7.5;4.6, 0;22.29910312
1678966040.810307279;2023-03-16 11:27:20;-65;-16.4, -7.5;4.6, 0;22.29910312
1678966041.518657390;2023-03-16 11:27:21;-66;-16.4, -7.5;4.6, 0;22.29910312
1678966041.683818186;2023-03-16 11:27:21;-65;-16.4, -7.5;4.6, 0;22.29910312
1678966042.624062630;2023-03-16 11:27:22;-77;-16.4, -7.5;4.6, 0;22.29910312
1678966084.852627697;2023-03-16 11:28:04;-65;-16.4, -7.5;4.6, 0;22.29910312
1678966084.915445568;2023-03-16 11:28:04;-64;-16.4, -7.5;4.6, 0;22.29910312
1678966084.935033494;2023-03-16 11:28:04;-65;-16.4, -7.5;4.6, 0;22.29910312
1678966085.690474067;2023-03-16 11:28:05;-66;-16.4, -7.5;4.6, 0;22.29910312
1678966086.404551196;2023-03-16 11:28:06;-66;-16.4, -7.5;4.6, 0;22.29910312
1678966086.606085067;2023-03-16 11:28:06;-71;-16.4, -7.5;4.6, 0;22.29910312
1678966086.625433622;2023-03-16 11:28:06;-70;-16.4, -7.5;4.6, 0;22.29910312
1678966087.585551047;2023-03-16 11:28:07;-74;-16.4, -7.5;4.6, 0;22.29910312
1678966091.886628563;2023-03-16 11:28:11;-66;-16.4, -7.5;4.6, 0;22.29910312
1678966091.908039730;2023-03-16 11:28:11;-66;-16.4, -7.5;4.6, 0;22.29910312
1678966092.149344397;2023-03-16 11:28:12;-65;-16.4, -7.5;4.6, 0;22.29910312
1678966093.102590137;2023-03-16 11:28:13;-66;-16.4, -7.5;4.6, 0;22.29910312
1678966093.122120137;2023-03-16 11:28:13;-65;-16.4, -7.5;4.6, 0;22.29910312
1678966093.320364451;2023-03-16 11:28:13;-64;-16.4, -7.5;4.6, 0;22.29910312
1678966093.341167155;2023-03-16 11:28:13;-65;-16.4, -7.5;4.6, 0;22.29910312
1678966094.040530692;2023-03-16 11:28:14;-66;-16.4, -7.5;4.6, 0;22.29910312
1678966094.060926766;2023-03-16 11:28:14;-66;-16.4, -7.5;4.6, 0;22.29910312
1678966094.198376007;2023-03-16 11:28:14;-65;-16.4, -7.5;4.6, 0;22.29910312
1678966094.255323840;2023-03-16 11:28:14;-67;-16.4, -7.5;4.6, 0;22.29910312
1678966094.296949766;2023-03-16 11:28:14;-64;-16.4, -7.5;4.6, 0;22.29910312
1678966094.320347358;2023-03-16 11:28:14;-69;-16.4, -7.5;4.6, 0;22.29910312
1678966094.972234043;2023-03-16 11:28:14;-66;-16.4, -7.5;4.6, 0;22.29910312
1678966094.990594506;2023-03-16 11:28:14;-66;-16.4, -7.5;4.6, 0;22.29910312
1678966095.849316487;2023-03-16 11:28:15;-67;-16.4, -7.5;4.6, 0;22.29910312
1678966095.868609191;2023-03-16 11:28:15;-66;-16.4, -7.5;4.6, 0;22.29910312
1678966096.094300894;2023-03-16 11:28:16;-64;-16.4, -7.5;4.6, 0;22.29910312
1678966097.239803005;2023-03-16 11:28:17;-73;-16.4, -7.5;4.6, 0;22.29910312
1678966100.738092706;2023-03-16 11:28:20;-67;-16.4, -7.5;4.6, 0;22.29910312
1678966100.756850558;2023-03-16 11:28:20;-65;-16.4, -7.5;4.6, 0;22.29910312
1678966101.905604409;2023-03-16 11:28:21;-66;-16.4, -7.5;4.6, 0;22.29910312
1678966101.925949594;2023-03-16 11:28:21;-66;-16.4, -7.5;4.6, 0;22.29910312
1678966102.072079594;2023-03-16 11:28:22;-64;-16.4, -7.5;4.6, 0;22.29910312
1678966102.090374613;2023-03-16 11:28:22;-64;-16.4, -7.5;4.6, 0;22.29910312
1678966102.732419298;2023-03-16 11:28:22;-66;-16.4, -7.5;4.6, 0;22.29910312
1678966102.891927094;2023-03-16 11:28:22;-67;-16.4, -7.5;4.6, 0;22.29910312
1678966103.580895019;2023-03-16 11:28:23;-69;-16.4, -7.5;4.6, 0;22.29910312
1678966103.602498075;2023-03-16 11:28:23;-69;-16.4, -7.5;4.6, 0;22.29910312
1678966103.715701427;2023-03-16 11:28:23;-66;-16.4, -7.5;4.6, 0;22.29910312
1678966104.592760871;2023-03-16 11:28:24;-66;-16.4, -7.5;4.6, 0;22.29910312
1678966104.614455926;2023-03-16 11:28:24;-66;-16.4, -7.5;4.6, 0;22.29910312
1678966105.511683259;2023-03-16 11:28:25;-75;-16.4, -7.5;4.6, 0;22.29910312
1678966106.343150981;2023-03-16 11:28:26;-72;-16.4, -7.5;4.6, 0;22.29910312
1678966111.142975163;2023-03-16 11:28:31;-66;-16.4, -7.5;4.6, 0;22.29910312
1678966111.166745015;2023-03-16 11:28:31;-66;-16.4, -7.5;4.6, 0;22.29910312
1678966112.775770532;2023-03-16 11:28:32;-67;-16.4, -7.5;4.6, 0;22.29910312
1678966112.795424699;2023-03-16 11:28:32;-67;-16.4, -7.5;4.6, 0;22.29910312
1678966113.089489255;2023-03-16 11:28:33;-63;-16.4, -7.5;4.6, 0;22.29910312