Timestamp;Date ISO;Rx Power [dBm]
1679668250.453706082;2023-03-24 14:30:50;-53
1679668251.265120451;2023-03-24 14:30:51;-51
1679668251.284036859;2023-03-24 14:30:51;-51
1679668251.463878507;2023-03-24 14:30:51;-51
1679668251.932455710;2023-03-24 14:30:51;-55
1679668251.951749858;2023-03-24 14:30:51;-55
1679668251.976180840;2023-03-24 14:30:51;-50
1679668251.995492118;2023-03-24 14:30:51;17
1679668252.115109858;2023-03-24 14:30:52;-49
1679668252.151146266;2023-03-24 14:30:52;-53
1679668252.170523673;2023-03-24 14:30:52;-52
1679668252.215480729;2023-03-24 14:30:52;17
1679668256.673919689;2023-03-24 14:30:56;-49
1679668256.842670170;2023-03-24 14:30:56;-49
1679668257.506584263;2023-03-24 14:30:57;-49
1679668257.544952225;2023-03-24 14:30:57;-47
1679668257.587520688;2023-03-24 14:30:57;-87
1679668257.632434522;2023-03-24 14:30:57;-53
1679668258.302681910;2023-03-24 14:30:58;-48
1679668258.402698688;2023-03-24 14:30:58;-48
1679668258.425237669;2023-03-24 14:30:58;-49
1679668259.423383502;2023-03-24 14:30:59;-50
1679668259.501690891;2023-03-24 14:30:59;-48
1679668261.024825668;2023-03-24 14:31:01;-56
1679668261.084621427;2023-03-24 14:31:01;-55
1679668261.106467909;2023-03-24 14:31:01;-54
1679668262.056485575;2023-03-24 14:31:02;-47
1679668262.147704926;2023-03-24 14:31:02;-47
1679668262.170414149;2023-03-24 14:31:02;-48
1679668263.141470611;2023-03-24 14:31:03;-45
1679668263.162127852;2023-03-24 14:31:03;-45
1679668295.713529629;2023-03-24 14:31:35;-52
1679668296.573992295;2023-03-24 14:31:36;-52
1679668296.794703017;2023-03-24 14:31:36;-52
1679668297.943271331;2023-03-24 14:31:37;-52
1679668298.883753868;2023-03-24 14:31:38;-51
1679668300.226853293;2023-03-24 14:31:40;-49
1679668300.592855126;2023-03-24 14:31:40;-52
1679668300.636613515;2023-03-24 14:31:40;-50
1679668300.725387126;2023-03-24 14:31:40;-49
1679668300.770863015;2023-03-24 14:31:40;-49
1679668305.884464826;2023-03-24 14:31:45;-51
1679668305.969683752;2023-03-24 14:31:45;-52
1679668306.158185826;2023-03-24 14:31:46;-50
1679668306.181681030;2023-03-24 14:31:46;-52
1679668306.201212715;2023-03-24 14:31:46;-52
1679668306.225373641;2023-03-24 14:31:46;-56
1679668306.244828937;2023-03-24 14:31:46;-56
1679668306.735497548;2023-03-24 14:31:46;-52
1679668306.756876326;2023-03-24 14:31:46;-51
1679668307.664380510;2023-03-24 14:31:47;-51
1679668307.845650918;2023-03-24 14:31:47;-71
1679668307.869535177;2023-03-24 14:31:47;-49
1679668308.501888065;2023-03-24 14:31:48;-51
1679668308.665678528;2023-03-24 14:31:48;-49
1679668309.327906528;2023-03-24 14:31:49;-52
1679668309.351149972;2023-03-24 14:31:49;-52
1679668309.484987750;2023-03-24 14:31:49;-49
1679668310.446840138;2023-03-24 14:31:50;-49
1679668311.604460193;2023-03-24 14:31:51;-51
1679668311.624820934;2023-03-24 14:31:51;-51
1679668314.801086451;2023-03-24 14:31:54;-51
1679668314.822357432;2023-03-24 14:31:54;-51
1679668315.143879654;2023-03-24 14:31:55;-49
1679668315.894719506;2023-03-24 14:31:55;-51
1679668316.033747394;2023-03-24 14:31:56;-49
1679668316.055734931;2023-03-24 14:31:56;-49
1679668316.713215579;2023-03-24 14:31:56;-51
1679668316.735999098;2023-03-24 14:31:56;-51
1679668316.882007635;2023-03-24 14:31:56;-49
1679668317.374588319;2023-03-24 14:31:57;-52
1679668317.419547671;2023-03-24 14:31:57;-51
1679668317.464287931;2023-03-24 14:31:57;-56
1679668318.432027300;2023-03-24 14:31:58;-52
1679668319.435110818;2023-03-24 14:31:59;-52
1679668319.454872337;2023-03-24 14:31:59;-52
1679668319.573266059;2023-03-24 14:31:59;-49
1679668320.527067206;2023-03-24 14:32:00;17
1679668320.545881114;2023-03-24 14:32:00;17
1679668320.963428336;2023-03-24 14:32:00;-51
1679668324.503552445;2023-03-24 14:32:04;-51
1679668324.523428982;2023-03-24 14:32:04;-51
1679668325.280193315;2023-03-24 14:32:05;-52
1679668325.302084574;2023-03-24 14:32:05;-52
1679668325.482810370;2023-03-24 14:32:05;-49
1679668352.867384169;2023-03-24 14:32:32;-52
1679668353.445353168;2023-03-24 14:32:33;-51
1679668354.003587409;2023-03-24 14:32:34;-52
1679668354.563830057;2023-03-24 14:32:34;-52
1679668355.024657686;2023-03-24 14:32:35;-57
1679668355.047149019;2023-03-24 14:32:35;-51
1679668355.134619667;2023-03-24 14:32:35;-49
1679668355.178391630;2023-03-24 14:32:35;-51
1679668355.222174001;2023-03-24 14:32:35;-55
1679668355.267153815;2023-03-24 14:32:35;-53
1679668355.286618093;2023-03-24 14:32:35;-53
1679668356.048641593;2023-03-24 14:32:36;-53
1679668356.068047667;2023-03-24 14:32:36;-53
1679668356.416121555;2023-03-24 14:32:36;-47
1679668356.436376278;2023-03-24 14:32:36;-46
1679668360.238621405;2023-03-24 14:32:40;-52
1679668360.259954238;2023-03-24 14:32:40;-52
1679668360.631228720;2023-03-24 14:32:40;-52
1679668360.675935423;2023-03-24 14:32:40;-56
1679668361.354199904;2023-03-24 14:32:41;-51
1679668361.376165460;2023-03-24 14:32:41;-52
1679668362.088675922;2023-03-24 14:32:42;-52
1679668362.804076218;2023-03-24 14:32:42;-51
1679668363.544579366;2023-03-24 14:32:43;-52
1679668363.564903551;2023-03-24 14:32:43;-52
1679668364.169935255;2023-03-24 14:32:44;-51
1679668364.789450643;2023-03-24 14:32:44;-52
1679668365.176445161;2023-03-24 14:32:45;-54
1679668365.648776013;2023-03-24 14:32:45;-53
1679668365.668057013;2023-03-24 14:32:45;-54
1679668365.932841605;2023-03-24 14:32:45;-72
1679668365.952442846;2023-03-24 14:32:45;-79
1679668369.185525103;2023-03-24 14:32:49;-52
1679668369.518297103;2023-03-24 14:32:49;-51
1679668371.007552232;2023-03-24 14:32:51;-49
1679668371.026259084;2023-03-24 14:32:51;-49
1679668371.456285176;2023-03-24 14:32:51;-51
1679668371.476195046;2023-03-24 14:32:51;-51
1679668371.794172676;2023-03-24 14:32:51;-51
1679668371.837372713;2023-03-24 14:32:51;-52
1679668372.581310416;2023-03-24 14:32:52;-52
1679668379.180104634;2023-03-24 14:32:59;-52
1679668379.198988931;2023-03-24 14:32:59;-50
1679668379.552789542;2023-03-24 14:32:59;-52
1679668379.576564912;2023-03-24 14:32:59;-52
1679668380.003084745;2023-03-24 14:33:00;-51
1679668380.377635263;2023-03-24 14:33:00;-52
1679668380.785259004;2023-03-24 14:33:00;-53
1679668381.204371244;2023-03-24 14:33:01;-51
1679668381.593944466;2023-03-24 14:33:01;-52
1679668382.008317114;2023-03-24 14:33:02;-51
1679668382.030209466;2023-03-24 14:33:02;-52
1679668382.825388225;2023-03-24 14:33:02;-52
1679668383.048674206;2023-03-24 14:33:03;-52
1679668384.471421224;2023-03-24 14:33:04;-55
1679668420.352875036;2023-03-24 14:33:40;-52
1679668420.374233203;2023-03-24 14:33:40;-52
1679668420.552759888;2023-03-24 14:33:40;-49
1679668420.596578795;2023-03-24 14:33:40;-51
1679668420.660836369;2023-03-24 14:33:40;-56
1679668423.476741719;2023-03-24 14:33:43;-55
1679668423.499269701;2023-03-24 14:33:43;-54
1679668427.853931142;2023-03-24 14:33:47;-52
1679668427.875943476;2023-03-24 14:33:47;-52
1679668428.348724068;2023-03-24 14:33:48;-52
1679668429.154143308;2023-03-24 14:33:49;-53
1679668429.523079345;2023-03-24 14:33:49;-52
1679668429.964887345;2023-03-24 14:33:49;-51
1679668429.984369345;2023-03-24 14:33:49;-49
1679668430.345608604;2023-03-24 14:33:50;-52
1679668430.794443974;2023-03-24 14:33:50;-51
1679668431.175595770;2023-03-24 14:33:51;-51
1679668431.577975288;2023-03-24 14:33:51;-51
1679668431.599720862;2023-03-24 14:33:51;-52
1679668431.795435177;2023-03-24 14:33:51;-52
1679668431.840338844;2023-03-24 14:33:51;-51
1679668431.884102714;2023-03-24 14:33:51;-56
1679668433.287389824;2023-03-24 14:33:53;17
1679668433.305889565;2023-03-24 14:33:53;17
1679668433.926855046;2023-03-24 14:33:53;-51
1679668433.946178287;2023-03-24 14:33:53;-51
1679668437.371180026;2023-03-24 14:33:57;-51
1679668437.409187840;2023-03-24 14:33:57;-51
1679668437.453276674;2023-03-24 14:33:57;-52
1679668437.496647452;2023-03-24 14:33:57;-56
1679668437.516026118;2023-03-24 14:33:57;-56
1679668438.172381025;2023-03-24 14:33:58;-51
1679668438.425653229;2023-03-24 14:33:58;-51
1679668439.210011969;2023-03-24 14:33:59;-51
1679668440.054779598;2023-03-24 14:34:00;-52
1679668440.196965376;2023-03-24 14:34:00;-52
1679668440.216837820;2023-03-24 14:34:00;-49
1679668440.870643987;2023-03-24 14:34:00;-52
1679668440.890657042;2023-03-24 14:34:00;-49
1679668441.002938931;2023-03-24 14:34:01;-50
1679668441.714464023;2023-03-24 14:34:01;-52
1679668441.804420153;2023-03-24 14:34:01;-49
1679668442.493296523;2023-03-24 14:34:02;-52
1679668442.513174134;2023-03-24 14:34:02;-52
1679668442.778824319;2023-03-24 14:34:02;-53
1679668442.793652393;2023-03-24 14:34:02;-55
1679668442.910979411;2023-03-24 14:34:02;17
1679668443.207421096;2023-03-24 14:34:03;-49
1679668443.231731689;2023-03-24 14:34:03;-48
1679668443.319254244;2023-03-24 14:34:03;-48
1679668443.339264744;2023-03-24 14:34:03;17
1679668443.790285911;2023-03-24 14:34:03;-51
1679668444.016990207;2023-03-24 14:34:04;-46
1679668444.036707818;2023-03-24 14:34:04;-46
1679668447.680865186;2023-03-24 14:34:07;-51
1679668447.779272575;2023-03-24 14:34:07;-49
1679668448.610117260;2023-03-24 14:34:08;-49
1679668448.734240667;2023-03-24 14:34:08;-56
1679668449.379923630;2023-03-24 14:34:09;-51
1679668449.402530019;2023-03-24 14:34:09;-52
1679668450.275011259;2023-03-24 14:34:10;-49
1679668450.495766796;2023-03-24 14:34:10;-52
1679668451.082121147;2023-03-24 14:34:11;-51
1679668451.303418795;2023-03-24 14:34:11;-52
1679668451.938632091;2023-03-24 14:34:11;-50
1679668452.095978498;2023-03-24 14:34:12;-50
1679668453.017069961;2023-03-24 14:34:13;-49
1679668453.037426405;2023-03-24 14:34:13;-49
1679668453.177043294;2023-03-24 14:34:13;-53
1679668453.196340961;2023-03-24 14:34:13;-53
1679668453.285817090;2023-03-24 14:34:13;-51
1679668453.448294405;2023-03-24 14:34:13;-47
1679668453.468650442;2023-03-24 14:34:13;-46
1679668457.417107680;2023-03-24 14:34:17;-52
1679668457.857192736;2023-03-24 14:34:17;-51
1679668457.877024513;2023-03-24 14:34:17;-52
1679668458.252439958;2023-03-24 14:34:18;-52
1679668458.664875124;2023-03-24 14:34:18;-51
1679668458.688798624;2023-03-24 14:34:18;-49
1679668459.033387142;2023-03-24 14:34:19;-52
1679668459.473347550;2023-03-24 14:34:19;-51
1679668459.864091994;2023-03-24 14:34:19;-51
1679668459.962115753;2023-03-24 14:34:19;-52
1679668460.005633771;2023-03-24 14:34:20;-56
1679668461.133361160;2023-03-24 14:34:21;-51
1679668461.753888826;2023-03-24 14:34:21;-52
1679668462.038440196;2023-03-24 14:34:22;-55
1679668462.735877862;2023-03-24 14:34:22;17
1679668462.755527066;2023-03-24 14:34:22;17
1679668462.989640214;2023-03-24 14:34:22;-53
1679668485.921009349;2023-03-24 14:34:45;-51
1679668485.942404275;2023-03-24 14:34:45;-50
1679668486.183732404;2023-03-24 14:34:46;-51
1679668486.226535311;2023-03-24 14:34:46;-52
1679668486.252116645;2023-03-24 14:34:46;-56
1679668487.886153903;2023-03-24 14:34:47;-51
1679668487.907372440;2023-03-24 14:34:47;-51
1679668489.018594402;2023-03-24 14:34:49;-51
1679668489.839922772;2023-03-24 14:34:49;-52
1679668490.254924939;2023-03-24 14:34:50;-51
1679668490.277737994;2023-03-24 14:34:50;-51
1679668490.664108068;2023-03-24 14:34:50;-51
1679668491.094915031;2023-03-24 14:34:51;-57
1679668491.344929253;2023-03-24 14:34:51;-49
1679668492.003951067;2023-03-24 14:34:52;-53
1679668492.047896012;2023-03-24 14:34:52;-52
1679668492.159716012;2023-03-24 14:34:52;-46
1679668492.182240641;2023-03-24 14:34:52;-45
1679668492.203424956;2023-03-24 14:34:52;-47
1679668492.222753474;2023-03-24 14:34:52;-47
1679668492.247205123;2023-03-24 14:34:52;-51
1679668492.290904215;2023-03-24 14:34:52;-51
1679668492.313685845;2023-03-24 14:34:52;-72
1679668492.421725308;2023-03-24 14:34:52;-47
1679668495.728869509;2023-03-24 14:34:55;-52
1679668495.749192639;2023-03-24 14:34:55;-52
1679668496.222928157;2023-03-24 14:34:56;-51
1679668496.671426379;2023-03-24 14:34:56;-51
1679668496.692437768;2023-03-24 14:34:56;-52
1679668497.032572379;2023-03-24 14:34:57;-52
1679668497.424755416;2023-03-24 14:34:57;-53
1679668497.468492731;2023-03-24 14:34:57;-56
1679668497.487846916;2023-03-24 14:34:57;-56
1679668498.253907841;2023-03-24 14:34:58;-51
1679668498.854016822;2023-03-24 14:34:58;-52
1679668498.876252600;2023-03-24 14:34:58;-51
1679668499.339163804;2023-03-24 14:34:59;-51
1679668500.428763636;2023-03-24 14:35:00;-51
1679668500.870083803;2023-03-24 14:35:00;-57
1679668500.891459599;2023-03-24 14:35:00;-57
1679668501.172776580;2023-03-24 14:35:01;-49
1679668501.558765839;2023-03-24 14:35:01;-49
1679668501.578698580;2023-03-24 14:35:01;-49
1679668502.259103728;2023-03-24 14:35:02;-45
1679668506.307699244;2023-03-24 14:35:06;-51
1679668507.501280854;2023-03-24 14:35:07;-51
1679668507.976668280;2023-03-24 14:35:07;-51
1679668508.321286391;2023-03-24 14:35:08;-52
1679668508.654799150;2023-03-24 14:35:08;-52
1679668508.699794409;2023-03-24 14:35:08;-52
1679668508.719164983;2023-03-24 14:35:08;-52
1679668508.763603113;2023-03-24 14:35:08;-57
1679668509.540554649;2023-03-24 14:35:09;-52
1679668510.184077667;2023-03-24 14:35:10;-51
1679668510.639252260;2023-03-24 14:35:10;-57
1679668511.311318593;2023-03-24 14:35:11;-53
1679668511.327572500;2023-03-24 14:35:11;-53
1679668511.580119167;2023-03-24 14:35:11;-46
1679668511.600355426;2023-03-24 14:35:11;-46
1679668511.932604741;2023-03-24 14:35:11;-51
1679668515.004111442;2023-03-24 14:35:15;-51
1679668515.492916461;2023-03-24 14:35:15;-51
1679668516.158934460;2023-03-24 14:35:16;-52
1679668516.179406905;2023-03-24 14:35:16;-52
1679668516.437956423;2023-03-24 14:35:16;-50
1679668517.854269107;2023-03-24 14:35:17;-52
1679668518.026850459;2023-03-24 14:35:18;-49
1679668518.046180052;2023-03-24 14:35:18;-49
1679668518.702973792;2023-03-24 14:35:18;-51
1679668518.834166977;2023-03-24 14:35:18;-51
1679668518.855191236;2023-03-24 14:35:18;-51
1679668519.535158292;2023-03-24 14:35:19;-52
1679668519.674066477;2023-03-24 14:35:19;-50
1679668519.696403440;2023-03-24 14:35:19;-49
1679668519.874908847;2023-03-24 14:35:19;-51
1679668519.897470625;2023-03-24 14:35:19;-51
1679668519.963715162;2023-03-24 14:35:19;-56
1679668520.627304754;2023-03-24 14:35:20;17
1679668520.737801254;2023-03-24 14:35:20;-49
1679668520.757431235;2023-03-24 14:35:20;-48
1679668521.141432513;2023-03-24 14:35:21;-51
1679668524.770220270;2023-03-24 14:35:24;-51
1679668524.909378548;2023-03-24 14:35:24;-49
1679668525.686235214;2023-03-24 14:35:25;-53
1679668525.774999566;2023-03-24 14:35:25;-48
1679668525.818737566;2023-03-24 14:35:25;-47
1679668525.838089769;2023-03-24 14:35:25;-47
1679668525.864074362;2023-03-24 14:35:25;-46
1679668525.995002065;2023-03-24 14:35:25;-51
1679668526.014307491;2023-03-24 14:35:26;-50
1679668526.299528621;2023-03-24 14:35:26;-46
1679668526.319233250;2023-03-24 14:35:26;-51
1679668529.467528249;2023-03-24 14:35:29;-56
1679668530.104316952;2023-03-24 14:35:30;-51
1679668530.284108452;2023-03-24 14:35:30;-51
1679668531.486561803;2023-03-24 14:35:31;-51
1679668531.724046655;2023-03-24 14:35:31;-49
1679668532.784206710;2023-03-24 14:35:32;-51
1679668532.803941247;2023-03-24 14:35:32;-51
1679668532.994177043;2023-03-24 14:35:32;-49
1679668533.902981246;2023-03-24 14:35:33;-51
1679668534.216580172;2023-03-24 14:35:34;-51
1679668535.478183338;2023-03-24 14:35:35;-49
1679668535.840330541;2023-03-24 14:35:35;-47
1679668535.859628356;2023-03-24 14:35:35;-47
1679668539.721602057;2023-03-24 14:35:39;-51
1679668540.049325187;2023-03-24 14:35:40;-50
1679668540.070347724;2023-03-24 14:35:40;-50
1679668540.757917094;2023-03-24 14:35:40;-51
1679668541.224282630;2023-03-24 14:35:41;-52
1679668541.570163390;2023-03-24 14:35:41;-51
1679668541.614139186;2023-03-24 14:35:41;-51
1679668541.657622538;2023-03-24 14:35:41;-56
1679668543.468032092;2023-03-24 14:35:43;-52
1679668543.914555610;2023-03-24 14:35:43;-50
1679668545.247071387;2023-03-24 14:35:45;-49
1679668545.268144647;2023-03-24 14:35:45;-49
1679668545.688206609;2023-03-24 14:35:45;-50
1679668545.956673776;2023-03-24 14:35:45;-47
1679668545.975998868;2023-03-24 14:35:45;-47
1679668549.287935866;2023-03-24 14:35:49;-51
1679668549.308119626;2023-03-24 14:35:49;-49
1679668549.734401218;2023-03-24 14:35:49;-51
1679668550.123647551;2023-03-24 14:35:50;-51
1679668550.543281477;2023-03-24 14:35:50;-51
1679668550.565469792;2023-03-24 14:35:50;-51
1679668550.924185051;2023-03-24 14:35:50;-52
1679668550.946847828;2023-03-24 14:35:50;-51
1679668551.344061865;2023-03-24 14:35:51;-52
1679668552.190515124;2023-03-24 14:35:52;-51
1679668552.610568587;2023-03-24 14:35:52;-52
1679668552.775220864;2023-03-24 14:35:52;-51
1679668552.838960679;2023-03-24 14:35:52;-52
1679668552.864000235;2023-03-24 14:35:52;-56
1679668553.904782808;2023-03-24 14:35:53;-52
1679668554.392963437;2023-03-24 14:35:54;-57
1679668554.770155271;2023-03-24 14:35:54;-48
1679668555.466771418;2023-03-24 14:35:55;-47
1679668555.487095770;2023-03-24 14:35:55;-47
1679668559.906967619;2023-03-24 14:35:59;-51
1679668561.083063656;2023-03-24 14:36:01;-51
1679668561.544322285;2023-03-24 14:36:01;-51
1679668561.924710692;2023-03-24 14:36:01;-51
1679668562.418068266;2023-03-24 14:36:02;-51
1679668563.051367303;2023-03-24 14:36:03;-52
1679668563.530638358;2023-03-24 14:36:03;-51
1679668563.935628469;2023-03-24 14:36:03;-57
1679668564.032829247;2023-03-24 14:36:04;-56
1679668564.052179580;2023-03-24 14:36:04;-56
1679668564.077822080;2023-03-24 14:36:04;-51
1679668564.097274395;2023-03-24 14:36:04;-50
1679668564.166610154;2023-03-24 14:36:04;17
1679668564.211806987;2023-03-24 14:36:04;-49
1679668564.315949746;2023-03-24 14:36:04;-52
1679668568.687220392;2023-03-24 14:36:08;-51
1679668568.866084225;2023-03-24 14:36:08;-51
1679668569.558717854;2023-03-24 14:36:09;-51
1679668569.644155336;2023-03-24 14:36:09;-51
1679668569.708078595;2023-03-24 14:36:09;-84
1679668570.333282724;2023-03-24 14:36:10;-51
1679668571.466937964;2023-03-24 14:36:11;-51
1679668571.487278038;2023-03-24 14:36:11;-51
1679668571.556909946;2023-03-24 14:36:11;-49
1679668572.296082686;2023-03-24 14:36:12;-51
1679668573.161898352;2023-03-24 14:36:13;-53
1679668574.195663629;2023-03-24 14:36:14;17
1679668574.215459500;2023-03-24 14:36:14;-48
1679668574.295634963;2023-03-24 14:36:14;-49
1679668593.708564544;2023-03-24 14:36:33;17
1679668599.303026022;2023-03-24 14:36:39;-52
1679668599.323726466;2023-03-24 14:36:39;-49
1679668603.906866038;2023-03-24 14:36:43;-51
1679668604.101397463;2023-03-24 14:36:44;-46
1679668604.120825223;2023-03-24 14:36:44;-46
1679668607.653023850;2023-03-24 14:36:47;-51
1679668607.674704609;2023-03-24 14:36:47;-52
1679668608.102199887;2023-03-24 14:36:48;-52
1679668609.335378868;2023-03-24 14:36:49;-52
1679668609.604752386;2023-03-24 14:36:49;-49
1679668610.804611904;2023-03-24 14:36:50;-51
1679668611.629983755;2023-03-24 14:36:51;-74
1679668611.825777459;2023-03-24 14:36:51;-51
1679668611.870769551;2023-03-24 14:36:51;-52
1679668613.267293939;2023-03-24 14:36:53;-53
1679668631.364607077;2023-03-24 14:37:11;-52
1679668631.385171466;2023-03-24 14:37:11;-52
1679668636.933088036;2023-03-24 14:37:16;-51
1679668648.316167048;2023-03-24 14:37:28;-52
1679668648.337599789;2023-03-24 14:37:28;-52
1679668648.981630788;2023-03-24 14:37:28;-52
1679668649.527348473;2023-03-24 14:37:29;-56
1679668649.546730418;2023-03-24 14:37:29;-56
1679668650.613909139;2023-03-24 14:37:30;-51
1679668652.117630398;2023-03-24 14:37:32;-53
1679668652.458852194;2023-03-24 14:37:32;-46
1679668652.479168694;2023-03-24 14:37:32;-46
1679668652.737643416;2023-03-24 14:37:32;-51
1679668652.757227360;2023-03-24 14:37:32;-51
1679668656.055518173;2023-03-24 14:37:36;-52
1679668656.075353803;2023-03-24 14:37:36;-51
1679668656.502160247;2023-03-24 14:37:36;-52
1679668656.523934117;2023-03-24 14:37:36;-51
1679668659.158920875;2023-03-24 14:37:39;-51
1679668659.178239153;2023-03-24 14:37:39;-52
1679668660.286548837;2023-03-24 14:37:40;-49
1679668660.671292263;2023-03-24 14:37:40;-53
1679668660.715072078;2023-03-24 14:37:40;-56
1679668661.316893411;2023-03-24 14:37:41;-49
1679668661.698019670;2023-03-24 14:37:41;17
1679668662.157736632;2023-03-24 14:37:42;-51
1679668662.177321966;2023-03-24 14:37:42;-51
1679668665.883762075;2023-03-24 14:37:45;-51
1679668666.239430352;2023-03-24 14:37:46;-51
1679668666.263773519;2023-03-24 14:37:46;-51
1679668667.704231425;2023-03-24 14:37:47;-51
1679668667.725639222;2023-03-24 14:37:47;-52
1679668667.782458666;2023-03-24 14:37:47;-49
1679668670.015303331;2023-03-24 14:37:50;-52
1679668670.140576961;2023-03-24 14:37:50;-49
1679668670.786081146;2023-03-24 14:37:50;-53
1679668670.807839498;2023-03-24 14:37:50;-50
1679668670.944959905;2023-03-24 14:37:50;-55
1679668671.060337405;2023-03-24 14:37:51;-54
1679668671.229258368;2023-03-24 14:37:51;-48
1679668675.060759069;2023-03-24 14:37:55;-52
1679668675.080074384;2023-03-24 14:37:55;-51
1679668675.266560365;2023-03-24 14:37:55;-49
1679668677.446810290;2023-03-24 14:37:57;-51
1679668677.469462290;2023-03-24 14:37:57;-51
1679668677.492643364;2023-03-24 14:37:57;-52
1679668677.558901290;2023-03-24 14:37:57;-56
1679668678.564081493;2023-03-24 14:37:58;-51
1679668678.693159993;2023-03-24 14:37:58;-51
1679668679.554147344;2023-03-24 14:37:59;-52
1679668679.576622492;2023-03-24 14:37:59;-51
1679668680.311620603;2023-03-24 14:38:00;-52
1679668680.531708936;2023-03-24 14:38:00;-53
1679668680.550827659;2023-03-24 14:38:00;-70
1679668681.257890121;2023-03-24 14:38:01;-53
1679668681.499195584;2023-03-24 14:38:01;-46
1679668681.519581214;2023-03-24 14:38:01;-47
1679668685.265464563;2023-03-24 14:38:05;-49
1679668686.054213544;2023-03-24 14:38:06;-52
1679668686.174781377;2023-03-24 14:38:06;-51
1679668686.990837840;2023-03-24 14:38:06;-51
1679668687.084185969;2023-03-24 14:38:07;-49
1679668687.794210932;2023-03-24 14:38:07;-52
1679668687.925564728;2023-03-24 14:38:07;-49
1679668688.637992691;2023-03-24 14:38:08;-51
1679668688.676462931;2023-03-24 14:38:08;-51
1679668688.721500802;2023-03-24 14:38:08;-52
1679668688.740804357;2023-03-24 14:38:08;-52
1679668688.766469320;2023-03-24 14:38:08;-56
1679668688.785775265;2023-03-24 14:38:08;-56
1679668689.931429431;2023-03-24 14:38:09;-52
1679668689.953071820;2023-03-24 14:38:09;-51
1679668690.022005042;2023-03-24 14:38:10;-50
1679668690.043250264;2023-03-24 14:38:10;-51
1679668690.401949134;2023-03-24 14:38:10;-49
1679668691.407968022;2023-03-24 14:38:11;-46
1679668695.774365353;2023-03-24 14:38:15;-51
1679668695.896809612;2023-03-24 14:38:15;-51
1679668696.676109204;2023-03-24 14:38:16;-51
1679668696.701800464;2023-03-24 14:38:16;-52
1679668696.800600927;2023-03-24 14:38:16;-51
1679668696.820788001;2023-03-24 14:38:16;-49
1679668697.580599315;2023-03-24 14:38:17;-51
1679668697.714551704;2023-03-24 14:38:17;-49
1679668698.549414000;2023-03-24 14:38:18;-51
1679668699.213055055;2023-03-24 14:38:19;-51
1679668699.948333128;2023-03-24 14:38:19;-57
1679668700.057830499;2023-03-24 14:38:20;-51
1679668700.080322277;2023-03-24 14:38:20;-49
1679668700.126605110;2023-03-24 14:38:20;-48
1679668700.212818480;2023-03-24 14:38:20;-53
1679668700.232241073;2023-03-24 14:38:20;-53
1679668700.277194332;2023-03-24 14:38:20;-52
1679668700.718406202;2023-03-24 14:38:20;-51
1679668704.422209015;2023-03-24 14:38:24;-52
1679668704.863090126;2023-03-24 14:38:24;-51
1679668705.233201477;2023-03-24 14:38:25;-57
1679668705.779098810;2023-03-24 14:38:25;-53
1679668705.798453403;2023-03-24 14:38:25;-53
1679668705.846654903;2023-03-24 14:38:25;-52
1679668705.911617292;2023-03-24 14:38:25;-46
1679668705.934122736;2023-03-24 14:38:25;-46
1679668705.977847773;2023-03-24 14:38:25;-45
1679668706.000375662;2023-03-24 14:38:26;-47
1679668706.044142014;2023-03-24 14:38:26;-51
1679668706.063439773;2023-03-24 14:38:26;-51
1679668706.110522458;2023-03-24 14:38:26;-50
1679668709.459123475;2023-03-24 14:38:29;-51
1679668709.484143086;2023-03-24 14:38:29;-52
1679668709.529133826;2023-03-24 14:38:29;-56
1679668709.548463512;2023-03-24 14:38:29;-56
1679668710.233208641;2023-03-24 14:38:30;-51
1679668711.374410973;2023-03-24 14:38:31;-52
1679668712.022451918;2023-03-24 14:38:32;-52
1679668712.535511769;2023-03-24 14:38:32;-51
1679668713.663469120;2023-03-24 14:38:33;-51
1679668714.325430453;2023-03-24 14:38:34;-75
1679668715.261714582;2023-03-24 14:38:35;-53
1679668715.304202027;2023-03-24 14:38:35;-48
1679668715.347962916;2023-03-24 14:38:35;-47
1679668715.411121156;2023-03-24 14:38:35;-46
1679668715.480489360;2023-03-24 14:38:35;-47
1679668715.524214138;2023-03-24 14:38:35;-51
1679668715.568034656;2023-03-24 14:38:35;-51
1679668720.641799598;2023-03-24 14:38:40;-51
1679668720.683671024;2023-03-24 14:38:40;-51
1679668720.709242635;2023-03-24 14:38:40;-56
1679668721.485219671;2023-03-24 14:38:41;-52
1679668722.027919819;2023-03-24 14:38:42;-51
1679668724.708291114;2023-03-24 14:38:44;-48
1679668725.098669410;2023-03-24 14:38:45;-51
1679668725.120026576;2023-03-24 14:38:45;-73
1679668725.603308058;2023-03-24 14:38:45;-51
1679668728.583326185;2023-03-24 14:38:48;-52
1679668728.603818093;2023-03-24 14:38:48;-51
1679668729.355801852;2023-03-24 14:38:49;-51
1679668731.096009443;2023-03-24 14:38:51;-48
1679668731.118364795;2023-03-24 14:38:51;-49
1679668731.735869980;2023-03-24 14:38:51;-51
1679668731.845605498;2023-03-24 14:38:51;-49
1679668731.910596665;2023-03-24 14:38:51;-51
1679668731.935637646;2023-03-24 14:38:51;-56
1679668732.693721646;2023-03-24 14:38:52;-51
1679668733.511772145;2023-03-24 14:38:53;-51
1679668733.533340386;2023-03-24 14:38:53;-51
1679668733.965250238;2023-03-24 14:38:53;-54
1679668733.991940164;2023-03-24 14:38:53;-53
1679668734.643540256;2023-03-24 14:38:54;-49
1679668734.749632348;2023-03-24 14:38:54;17
1679668734.772509515;2023-03-24 14:38:54;-53
1679668734.938707996;2023-03-24 14:38:54;-51
1679668735.029656330;2023-03-24 14:38:55;-51
1679668738.704816939;2023-03-24 14:38:58;-51
1679668738.727159513;2023-03-24 14:38:58;-73
1679668739.017676031;2023-03-24 14:38:59;-49
1679668740.495909678;2023-03-24 14:39:00;-51
1679668740.518412104;2023-03-24 14:39:00;-49
1679668741.473604511;2023-03-24 14:39:01;-51
1679668742.191973974;2023-03-24 14:39:02;-52
1679668742.299755159;2023-03-24 14:39:02;-48
1679668743.138321473;2023-03-24 14:39:03;-52
1679668743.181940973;2023-03-24 14:39:03;-56
1679668743.731003195;2023-03-24 14:39:03;-57
1679668743.750449991;2023-03-24 14:39:03;-57
1679668744.122467306;2023-03-24 14:39:04;-48
1679668744.142346658;2023-03-24 14:39:04;-48
1679668744.219481084;2023-03-24 14:39:04;-48
1679668744.237267343;2023-03-24 14:39:04;-49
1679668744.467203343;2023-03-24 14:39:04;-51
1679668744.486499713;2023-03-24 14:39:04;-51
1679668747.983641729;2023-03-24 14:39:07;-51
1679668748.138558211;2023-03-24 14:39:08;-49
1679668748.818352396;2023-03-24 14:39:08;-56
1679668748.837631377;2023-03-24 14:39:08;-56
1679668749.544885821;2023-03-24 14:39:09;-51
1679668751.414766987;2023-03-24 14:39:11;-51
1679668751.848544283;2023-03-24 14:39:11;-51
1679668753.143277134;2023-03-24 14:39:13;-53
1679668753.164777226;2023-03-24 14:39:13;-52
1679668753.438486004;2023-03-24 14:39:13;-49
1679668754.777070022;2023-03-24 14:39:14;-51
1679668758.313603316;2023-03-24 14:39:18;-51
1679668758.332889334;2023-03-24 14:39:18;-52
1679668759.151675704;2023-03-24 14:39:19;-52
1679668759.324355704;2023-03-24 14:39:19;-49
1679668759.346111167;2023-03-24 14:39:19;-49
1679668760.004603296;2023-03-24 14:39:20;-52
1679668761.721513758;2023-03-24 14:39:21;-51
1679668762.083607647;2023-03-24 14:39:22;-51
1679668767.819340032;2023-03-24 14:39:27;-52
1679668769.026518180;2023-03-24 14:39:29;-51
1679668769.377180976;2023-03-24 14:39:29;-51
1679668769.398685772;2023-03-24 14:39:29;-49
1679668769.474800476;2023-03-24 14:39:29;-49
1679668769.499683198;2023-03-24 14:39:29;-52
1679668769.543428680;2023-03-24 14:39:29;-56
1679668770.190896587;2023-03-24 14:39:30;-53
1679668770.212458642;2023-03-24 14:39:30;-53
1679668770.663588105;2023-03-24 14:39:30;-51
1679668771.344362271;2023-03-24 14:39:31;-72
1679668771.816194660;2023-03-24 14:39:31;-51
1679668771.835586771;2023-03-24 14:39:31;-51
1679668772.519235085;2023-03-24 14:39:32;-51
1679668773.377511585;2023-03-24 14:39:33;-48
1679668773.399990640;2023-03-24 14:39:33;-48
1679668773.738744881;2023-03-24 14:39:33;-47
1679668773.758755455;2023-03-24 14:39:33;-46
1679668777.503754045;2023-03-24 14:39:37;-74
1679668777.523426193;2023-03-24 14:39:37;-51
1679668778.253118341;2023-03-24 14:39:38;-52
1679668778.272709360;2023-03-24 14:39:38;-49
1679668778.751083841;2023-03-24 14:39:38;-51
1679668778.772495193;2023-03-24 14:39:38;-49
1679668779.415345877;2023-03-24 14:39:39;-85
1679668779.896607822;2023-03-24 14:39:39;-51
1679668780.576269154;2023-03-24 14:39:40;-52
1679668780.648894580;2023-03-24 14:39:40;-51
1679668780.717295877;2023-03-24 14:39:40;-56
1679668780.736767395;2023-03-24 14:39:40;-56
1679668781.971745431;2023-03-24 14:39:41;-52
1679668781.992561450;2023-03-24 14:39:41;-51
1679668782.423960339;2023-03-24 14:39:42;-57
1679668782.468836616;2023-03-24 14:39:42;-53
1679668782.490306320;2023-03-24 14:39:42;-53
1679668783.098852857;2023-03-24 14:39:43;-49
1679668783.768237690;2023-03-24 14:39:43;-47
1679668786.867975447;2023-03-24 14:39:46;-51
1679668787.702965724;2023-03-24 14:39:47;-51
1679668787.966297983;2023-03-24 14:39:47;-51
1679668788.611772909;2023-03-24 14:39:48;-51
1679668788.784423390;2023-03-24 14:39:48;-51
1679668789.416381020;2023-03-24 14:39:49;-51
1679668789.600115260;2023-03-24 14:39:49;-52
1679668789.619574390;2023-03-24 14:39:49;-49
1679668790.245083593;2023-03-24 14:39:50;-51
1679668790.405136204;2023-03-24 14:39:50;-48
1679668791.084400111;2023-03-24 14:39:51;-53
1679668791.104148222;2023-03-24 14:39:51;-53
1679668791.844919777;2023-03-24 14:39:51;-51
1679668791.931162407;2023-03-24 14:39:51;-56
1679668791.974909481;2023-03-24 14:39:51;-56
1679668791.994238166;2023-03-24 14:39:51;-56
1679668793.039366777;2023-03-24 14:39:53;-51
1679668793.058792925;2023-03-24 14:39:53;-53
1679668793.446736388;2023-03-24 14:39:53;-46
1679668793.660196221;2023-03-24 14:39:53;-51
1679668793.680572221;2023-03-24 14:39:53;-51
1679668797.010399774;2023-03-24 14:39:57;-51
1679668797.360198774;2023-03-24 14:39:57;-51
1679668797.466190274;2023-03-24 14:39:57;-51
1679668797.531203348;2023-03-24 14:39:57;-56
1679668798.733951755;2023-03-24 14:39:58;-50
1679668800.959016828;2023-03-24 14:40:00;-52
1679668801.356014012;2023-03-24 14:40:01;-51
1679668801.764074401;2023-03-24 14:40:01;-51
1679668802.034314956;2023-03-24 14:40:02;-54
1679668802.056493956;2023-03-24 14:40:02;-54
1679668802.454349160;2023-03-24 14:40:02;-49
1679668802.736489104;2023-03-24 14:40:02;-47
1679668802.756175086;2023-03-24 14:40:02;-46
1679668806.213898417;2023-03-24 14:40:06;-52
1679668807.760387342;2023-03-24 14:40:07;-51
1679668807.781511749;2023-03-24 14:40:07;-51
1679668808.687591712;2023-03-24 14:40:08;-52
1679668808.710037212;2023-03-24 14:40:08;-51
1679668808.752564490;2023-03-24 14:40:08;-56
1679668810.305305415;2023-03-24 14:40:10;-52
1679668810.704367951;2023-03-24 14:40:10;-52
1679668811.141048340;2023-03-24 14:40:11;-52
1679668811.162837210;2023-03-24 14:40:11;-51
1679668811.787902599;2023-03-24 14:40:11;-49
1679668812.227857876;2023-03-24 14:40:12;-53
1679668812.510901487;2023-03-24 14:40:12;-47
1679668812.885384932;2023-03-24 14:40:12;-51
1679668812.905678969;2023-03-24 14:40:12;-51
1679668817.956704725;2023-03-24 14:40:17;-51
1679668818.206628595;2023-03-24 14:40:18;-49
1679668818.226087354;2023-03-24 14:40:18;-49
1679668819.425974557;2023-03-24 14:40:19;-51
1679668819.810391372;2023-03-24 14:40:19;-52
1679668819.863901483;2023-03-24 14:40:19;-49
1679668819.908908538;2023-03-24 14:40:19;-51
1679668819.952638261;2023-03-24 14:40:19;-56
1679668820.583924594;2023-03-24 14:40:20;-51
1679668821.088272204;2023-03-24 14:40:21;-57
1679668821.484339056;2023-03-24 14:40:21;-49
1679668821.973322630;2023-03-24 14:40:21;-73
1679668822.237957778;2023-03-24 14:40:22;-51
1679668826.595479960;2023-03-24 14:40:26;-51
1679668826.956575256;2023-03-24 14:40:26;-51
1679668828.549274126;2023-03-24 14:40:28;-51
1679668828.820339811;2023-03-24 14:40:28;-51
1679668829.495250662;2023-03-24 14:40:29;-52
1679668829.539029533;2023-03-24 14:40:29;-56
1679668829.558357033;2023-03-24 14:40:29;-56
1679668830.456750069;2023-03-24 14:40:30;-51
1679668831.020764236;2023-03-24 14:40:31;-57
1679668831.386768495;2023-03-24 14:40:31;-48
1679668831.406726309;2023-03-24 14:40:31;-49
1679668831.769228717;2023-03-24 14:40:31;-51
1679668836.185422603;2023-03-24 14:40:36;-51
1679668836.687796436;2023-03-24 14:40:36;-51
1679668837.290566065;2023-03-24 14:40:37;-51
1679668837.320604343;2023-03-24 14:40:37;-70
1679668837.855573343;2023-03-24 14:40:37;-51
1679668838.554356250;2023-03-24 14:40:38;-51
1679668838.574297638;2023-03-24 14:40:38;-52
1679668839.073247546;2023-03-24 14:40:39;-52
1679668839.094338860;2023-03-24 14:40:39;-52
1679668839.744308378;2023-03-24 14:40:39;-51
1679668839.764660267;2023-03-24 14:40:39;-52
1679668840.671599656;2023-03-24 14:40:40;-56
1679668840.716605730;2023-03-24 14:40:40;-55
1679668840.779714378;2023-03-24 14:40:40;-50
1679668840.849191507;2023-03-24 14:40:40;-49
1679668840.914097970;2023-03-24 14:40:40;17
1679668840.935355674;2023-03-24 14:40:40;17
1679668840.954664822;2023-03-24 14:40:40;17
1679668841.378304711;2023-03-24 14:40:41;17
1679668841.871189211;2023-03-24 14:40:41;-46
1679668845.628936356;2023-03-24 14:40:45;-51
1679668845.650629190;2023-03-24 14:40:45;-51
1679668845.921125727;2023-03-24 14:40:45;-49
1679668846.235632078;2023-03-24 14:40:46;-51
1679668846.280462263;2023-03-24 14:40:46;-51
1679668846.343680060;2023-03-24 14:40:46;-56
1679668847.590861911;2023-03-24 14:40:47;-51
1679668847.612447244;2023-03-24 14:40:47;-49
1679668848.311888410;2023-03-24 14:40:48;-51
1679668848.332426188;2023-03-24 14:40:48;-51
1679668848.474479058;2023-03-24 14:40:48;-49
1679668848.503152540;2023-03-24 14:40:48;-49
1679668849.146904799;2023-03-24 14:40:49;-51
1679668849.971908761;2023-03-24 14:40:49;-51
1679668850.435719668;2023-03-24 14:40:50;-53
1679668851.240749853;2023-03-24 14:40:51;-53
1679668851.260407705;2023-03-24 14:40:51;-53
1679668851.528266242;2023-03-24 14:40:51;-51
1679668900.681486694;2023-03-24 14:41:40;-52
1679668900.725201879;2023-03-24 14:41:40;-51
1679668900.769650564;2023-03-24 14:41:40;-56
1679668901.473647508;2023-03-24 14:41:41;-51
1679668901.494065082;2023-03-24 14:41:41;-51
1679668902.443725767;2023-03-24 14:41:42;-51
1679668902.463062452;2023-03-24 14:41:42;-50
1679668902.716044378;2023-03-24 14:41:42;-49
1679668903.916101099;2023-03-24 14:41:43;-49
1679668903.937353192;2023-03-24 14:41:43;-49
1679668905.021184747;2023-03-24 14:41:45;-49
1679668905.153687802;2023-03-24 14:41:45;-48
1679668905.176178988;2023-03-24 14:41:45;-49
1679668905.416809062;2023-03-24 14:41:45;-51
1679668910.065047466;2023-03-24 14:41:50;-51
1679668910.264761781;2023-03-24 14:41:50;-49
1679668910.851451169;2023-03-24 14:41:50;-52
1679668911.946143539;2023-03-24 14:41:51;-56
1679668912.624187020;2023-03-24 14:41:52;-51
1679668914.377539038;2023-03-24 14:41:54;-53
1679668914.397346352;2023-03-24 14:41:54;-53
1679668914.608753075;2023-03-24 14:41:54;-48
1679668957.596680290;2023-03-24 14:42:37;-51
1679668958.594650474;2023-03-24 14:42:38;-51
1679668958.729220067;2023-03-24 14:42:38;-51
1679668959.734185455;2023-03-24 14:42:39;-50
1679668959.754342733;2023-03-24 14:42:39;-51
1679668959.833278103;2023-03-24 14:42:39;-49
1679668959.858254751;2023-03-24 14:42:39;-76
1679668960.687796269;2023-03-24 14:42:40;-51
1679668962.254972046;2023-03-24 14:42:42;-53
1679668962.741724916;2023-03-24 14:42:42;-53
1679668962.761368435;2023-03-24 14:42:42;-54
1679668964.198921378;2023-03-24 14:42:44;-51
1679668964.219279026;2023-03-24 14:42:44;-51
1679668967.214760117;2023-03-24 14:42:47;-53
1679668967.236786099;2023-03-24 14:42:47;-53
1679668967.281771988;2023-03-24 14:42:47;-51
1679668968.229468950;2023-03-24 14:42:48;-52
1679668968.366796691;2023-03-24 14:42:48;-51
1679668969.151801764;2023-03-24 14:42:49;-52
1679668969.172158801;2023-03-24 14:42:49;-51
1679668969.875627301;2023-03-24 14:42:49;-51
1679668969.896103338;2023-03-24 14:42:49;-50
1679668970.898329245;2023-03-24 14:42:50;-51
1679668971.100533171;2023-03-24 14:42:51;-49
1679668971.120025800;2023-03-24 14:42:51;-49
1679668971.874406559;2023-03-24 14:42:51;-51
1679668973.026919299;2023-03-24 14:42:53;-53
1679668973.046538429;2023-03-24 14:42:53;-53
1679668973.418082243;2023-03-24 14:42:53;-47
1679668973.437401169;2023-03-24 14:42:53;-46
1679668973.505630206;2023-03-24 14:42:53;-47
1679668973.525211206;2023-03-24 14:42:53;-47
1679668977.245619834;2023-03-24 14:42:57;-51
1679668977.264951908;2023-03-24 14:42:57;-51
1679668977.585399093;2023-03-24 14:42:57;-52
1679668978.805625722;2023-03-24 14:42:58;-51
1679668979.816895776;2023-03-24 14:42:59;-52
1679668979.979746443;2023-03-24 14:42:59;-50
1679668980.640106924;2023-03-24 14:43:00;-52
1679668980.791186794;2023-03-24 14:43:00;-52
1679668981.459769498;2023-03-24 14:43:01;-52
1679668981.481912275;2023-03-24 14:43:01;-49
1679668981.587673479;2023-03-24 14:43:01;-50
1679668982.542541330;2023-03-24 14:43:02;-49
1679668982.562216645;2023-03-24 14:43:02;17
1679668982.685804441;2023-03-24 14:43:02;-49
1679668986.536360143;2023-03-24 14:43:06;-52
1679668986.631114587;2023-03-24 14:43:06;-50
1679668986.649415106;2023-03-24 14:43:06;-52
1679668987.333573402;2023-03-24 14:43:07;-51
1679668987.460748105;2023-03-24 14:43:07;-50
1679668988.145769234;2023-03-24 14:43:08;-53
1679668988.295719938;2023-03-24 14:43:08;-51
1679668988.763346290;2023-03-24 14:43:08;-51
1679668988.807984771;2023-03-24 14:43:08;-52
1679668988.851783049;2023-03-24 14:43:08;-56
1679668989.934488696;2023-03-24 14:43:09;-49
1679668989.953815882;2023-03-24 14:43:09;-50
1679668990.859529455;2023-03-24 14:43:10;-52
1679668991.567282732;2023-03-24 14:43:11;-80
1679668991.661252955;2023-03-24 14:43:11;-52
1679668991.845813677;2023-03-24 14:43:11;-54
1679668991.865819214;2023-03-24 14:43:11;-54
1679668992.614879824;2023-03-24 14:43:12;-53
1679668992.633464861;2023-03-24 14:43:12;17
1679668992.889530102;2023-03-24 14:43:12;-51
1679668992.909320065;2023-03-24 14:43:12;-51
1679668996.830876081;2023-03-24 14:43:16;-49
1679668997.534612599;2023-03-24 14:43:17;-52
1679668997.670186136;2023-03-24 14:43:17;-52
1679668998.321309284;2023-03-24 14:43:18;-51
1679668998.433639951;2023-03-24 14:43:18;-50
1679668998.453503080;2023-03-24 14:43:18;-44
1679668999.918987431;2023-03-24 14:43:19;-51
1679669002.088398634;2023-03-24 14:43:22;-49
1679669002.108687171;2023-03-24 14:43:22;-49
1679669002.529651818;2023-03-24 14:43:22;-47
1679669002.549010022;2023-03-24 14:43:22;-47
1679669007.103972742;2023-03-24 14:43:27;-54
1679669007.254263205;2023-03-24 14:43:27;-51
1679669007.274921297;2023-03-24 14:43:27;-49
1679669007.956192445;2023-03-24 14:43:27;-51
1679669007.977188297;2023-03-24 14:43:27;-52
1679669008.067281723;2023-03-24 14:43:28;-50
1679669008.784705037;2023-03-24 14:43:28;-51
1679669008.855936148;2023-03-24 14:43:28;-51
1679669009.503297333;2023-03-24 14:43:29;-53
1679669010.348521351;2023-03-24 14:43:30;-51
1679669010.544670888;2023-03-24 14:43:30;-51
1679669011.860992017;2023-03-24 14:43:31;-49
1679669011.883507035;2023-03-24 14:43:31;-49
1679669012.057284350;2023-03-24 14:43:32;-53
1679669012.247305053;2023-03-24 14:43:32;-47
1679669012.445981646;2023-03-24 14:43:32;-47
1679669012.466266850;2023-03-24 14:43:32;-47
1679669016.183648236;2023-03-24 14:43:36;-52
1679669017.034804273;2023-03-24 14:43:37;-51
1679669017.343203810;2023-03-24 14:43:37;-49
1679669018.546093605;2023-03-24 14:43:38;-52
1679669019.442707994;2023-03-24 14:43:39;-51
1679669019.674855568;2023-03-24 14:43:39;-51
1679669019.694440030;2023-03-24 14:43:39;-49
1679669020.635804511;2023-03-24 14:43:40;-50
1679669020.698951363;2023-03-24 14:43:40;-50
1679669020.767070808;2023-03-24 14:43:40;-55
1679669026.287133897;2023-03-24 14:43:46;-51
1679669026.309619897;2023-03-24 14:43:46;-51
1679669026.328946138;2023-03-24 14:43:46;-52
1679669027.567802711;2023-03-24 14:43:47;-52
1679669027.588622711;2023-03-24 14:43:47;-51
1679669028.594686636;2023-03-24 14:43:48;-51
1679669028.692191710;2023-03-24 14:43:48;-52
1679669029.544197710;2023-03-24 14:43:49;-51
1679669031.297435857;2023-03-24 14:43:51;-52
1679669031.316923690;2023-03-24 14:43:51;-53
1679669031.583657634;2023-03-24 14:43:51;-47
1679669031.723651005;2023-03-24 14:43:51;-46
1679669035.316403077;2023-03-24 14:43:55;-51
1679669036.254980798;2023-03-24 14:43:56;-51
1679669036.389974743;2023-03-24 14:43:56;-52
1679669037.070428668;2023-03-24 14:43:57;-53
1679669037.206009483;2023-03-24 14:43:57;-51
1679669037.538864149;2023-03-24 14:43:57;-51
1679669037.624777927;2023-03-24 14:43:57;-78
1679669038.731523686;2023-03-24 14:43:58;-52
1679669038.751025815;2023-03-24 14:43:58;-51
1679669039.059013908;2023-03-24 14:43:59;-49
1679669040.701266907;2023-03-24 14:44:00;-48
1679669040.858781944;2023-03-24 14:44:00;17
1679669041.146597258;2023-03-24 14:44:01;-51
1679669044.646046830;2023-03-24 14:44:04;-51
1679669044.843790719;2023-03-24 14:44:04;-50
1679669044.864254719;2023-03-24 14:44:04;-51
1679669046.664874996;2023-03-24 14:44:06;-49
1679669046.690446440;2023-03-24 14:44:06;-48
1679669047.465860199;2023-03-24 14:44:07;-51
1679669048.131152921;2023-03-24 14:44:08;-53
1679669048.152580902;2023-03-24 14:44:08;-52
1679669048.284200550;2023-03-24 14:44:08;-51
1679669048.766647217;2023-03-24 14:44:08;-51
1679669048.813632309;2023-03-24 14:44:08;-52
1679669048.832959346;2023-03-24 14:44:08;-52
1679669048.857331735;2023-03-24 14:44:08;-56
1679669048.876707828;2023-03-24 14:44:08;-56
1679669049.825601438;2023-03-24 14:44:09;-52
1679669050.200158160;2023-03-24 14:44:10;-49
1679669050.220298531;2023-03-24 14:44:10;17
1679669050.342676346;2023-03-24 14:44:10;-49
1679669050.362574216;2023-03-24 14:44:10;17
1679669051.392618178;2023-03-24 14:44:11;-47
1679669054.472623343;2023-03-24 14:44:14;-56
1679669055.813976916;2023-03-24 14:44:15;-51
1679669055.851672898;2023-03-24 14:44:15;-50
1679669055.871418546;2023-03-24 14:44:15;-49
1679669056.753973231;2023-03-24 14:44:16;-52
1679669056.773391305;2023-03-24 14:44:16;-51
1679669057.625301008;2023-03-24 14:44:17;-51
1679669058.376476859;2023-03-24 14:44:18;-51
1679669059.074736711;2023-03-24 14:44:19;-51
1679669059.096464007;2023-03-24 14:44:19;-52
1679669059.150562285;2023-03-24 14:44:19;-49
1679669060.200234599;2023-03-24 14:44:20;-49
1679669060.220593247;2023-03-24 14:44:20;-49
1679669060.386473099;2023-03-24 14:44:20;-53
1679669060.405796173;2023-03-24 14:44:20;-53
1679669060.613492302;2023-03-24 14:44:20;-47
1679669060.760199228;2023-03-24 14:44:20;-46
1679669060.780486321;2023-03-24 14:44:20;-46
1679669064.554341800;2023-03-24 14:44:24;-51
1679669065.529647818;2023-03-24 14:44:25;-48
1679669084.191383066;2023-03-24 14:44:44;-51
1679669084.211830973;2023-03-24 14:44:44;-49
1679669084.684205140;2023-03-24 14:44:44;-53
1679669084.703587307;2023-03-24 14:44:44;-53
1679669085.618302676;2023-03-24 14:44:45;-47
1679669085.859241047;2023-03-24 14:44:45;-51
1679669089.204805841;2023-03-24 14:44:49;-51
1679669089.227402063;2023-03-24 14:44:49;-52
1679669089.568107655;2023-03-24 14:44:49;-51
1679669090.329130618;2023-03-24 14:44:50;-51
1679669091.855414136;2023-03-24 14:44:51;-52
1679669091.921523987;2023-03-24 14:44:51;-56
1679669092.665501580;2023-03-24 14:44:52;-51
1679669092.685699468;2023-03-24 14:44:52;-48
1679669093.601854542;2023-03-24 14:44:53;-51
1679669094.663014467;2023-03-24 14:44:54;-48
1679669095.331805356;2023-03-24 14:44:55;-46
1679669095.350532763;2023-03-24 14:44:55;-46
1679669099.367313298;2023-03-24 14:44:59;-51
1679669100.195629223;2023-03-24 14:45:00;-51
1679669100.216868612;2023-03-24 14:45:00;-51
1679669101.665580593;2023-03-24 14:45:01;-51
1679669101.685750593;2023-03-24 14:45:01;-49
1679669101.916882463;2023-03-24 14:45:01;-49
1679669101.940637981;2023-03-24 14:45:01;-49
1679669103.089256666;2023-03-24 14:45:03;-51
1679669103.108612055;2023-03-24 14:45:03;-51
1679669103.132872073;2023-03-24 14:45:03;-52
1679669103.176640796;2023-03-24 14:45:03;-56
1679669103.877579591;2023-03-24 14:45:03;-72
1679669104.253029054;2023-03-24 14:45:04;-49
1679669104.768158943;2023-03-24 14:45:04;17
1679669104.787773424;2023-03-24 14:45:04;17
1679669105.096866257;2023-03-24 14:45:05;-48
1679669108.740422959;2023-03-24 14:45:08;-51
1679669108.784191588;2023-03-24 14:45:08;-56
1679669108.803661570;2023-03-24 14:45:08;-56
1679669110.075725865;2023-03-24 14:45:10;-53
1679669110.234867514;2023-03-24 14:45:10;-51
1679669110.976929587;2023-03-24 14:45:10;-51
1679669111.962532587;2023-03-24 14:45:11;-48
1679669113.474015123;2023-03-24 14:45:13;-51
1679669113.495852086;2023-03-24 14:45:13;-51
1679669113.594857771;2023-03-24 14:45:13;-49
1679669114.711837233;2023-03-24 14:45:14;-46
1679669114.731195252;2023-03-24 14:45:14;-46
1679669114.755514807;2023-03-24 14:45:14;-47
1679669114.863002233;2023-03-24 14:45:14;-70
1679669118.104810213;2023-03-24 14:45:18;-49
1679669118.125745083;2023-03-24 14:45:18;-49
1679669118.823884120;2023-03-24 14:45:18;-51
1679669118.947210138;2023-03-24 14:45:18;-52
1679669119.785845915;2023-03-24 14:45:19;-51
1679669119.958050952;2023-03-24 14:45:19;-51
1679669120.001782860;2023-03-24 14:45:20;-52
1679669120.065539971;2023-03-24 14:45:20;-56
1679669121.504541951;2023-03-24 14:45:21;-52
1679669121.579588192;2023-03-24 14:45:21;-50
1679669121.599947710;2023-03-24 14:45:21;-50
1679669122.317369247;2023-03-24 14:45:22;-51
1679669124.080690968;2023-03-24 14:45:24;-48
1679669142.987842846;2023-03-24 14:45:42;-57
1679669143.011460031;2023-03-24 14:45:43;-56