Timestamp;Date ISO;Rx Power [dBm];Relative Coordinates [m];Target Coordinates [m];Distance Target - Anchor [m]
1674663403.479823439;2023-01-25 16:16:43;-57;-10.55, 0;0, 0;10.55
1674663403.500334291;2023-01-25 16:16:43;-56;-10.55, 0;0, 0;10.55
1674663403.526938550;2023-01-25 16:16:43;-57;-10.55, 0;0, 0;10.55
1674663403.589768291;2023-01-25 16:16:43;-57;-10.55, 0;0, 0;10.55
1674663409.286322546;2023-01-25 16:16:49;-56;-10.55, 0;0, 0;10.55
1674663409.305125028;2023-01-25 16:16:49;-56;-10.55, 0;0, 0;10.55
1674663409.432609232;2023-01-25 16:16:49;-54;-10.55, 0;0, 0;10.55
1674663409.452870583;2023-01-25 16:16:49;-56;-10.55, 0;0, 0;10.55
1674663410.191349324;2023-01-25 16:16:50;-57;-10.55, 0;0, 0;10.55
1674663410.356342324;2023-01-25 16:16:50;-56;-10.55, 0;0, 0;10.55
1674663411.094854008;2023-01-25 16:16:51;-61;-10.55, 0;0, 0;10.55
1674663411.139872675;2023-01-25 16:16:51;-66;-10.55, 0;0, 0;10.55
1674663412.520115285;2023-01-25 16:16:52;-55;-10.55, 0;0, 0;10.55
1674663412.831500081;2023-01-25 16:16:52;-54;-10.55, 0;0, 0;10.55
1674663412.851760822;2023-01-25 16:16:52;-55;-10.55, 0;0, 0;10.55
1674663414.003322933;2023-01-25 16:16:54;-64;-10.55, 0;0, 0;10.55
1674663414.023674266;2023-01-25 16:16:54;-63;-10.55, 0;0, 0;10.55
1674663414.514369192;2023-01-25 16:16:54;17;-10.55, 0;0, 0;10.55
1674663414.586360988;2023-01-25 16:16:54;-53;-10.55, 0;0, 0;10.55
1674663414.606030488;2023-01-25 16:16:54;-54;-10.55, 0;0, 0;10.55
1674663419.113930837;2023-01-25 16:16:59;-55;-10.55, 0;0, 0;10.55
1674663419.967697873;2023-01-25 16:16:59;-54;-10.55, 0;0, 0;10.55
1674663421.247016799;2023-01-25 16:17:01;-54;-10.55, 0;0, 0;10.55
1674663421.653831484;2023-01-25 16:17:01;-55;-10.55, 0;0, 0;10.55
1674663422.205191891;2023-01-25 16:17:02;-52;-10.55, 0;0, 0;10.55
1674663422.298715150;2023-01-25 16:17:02;-53;-10.55, 0;0, 0;10.55
1674663422.323776613;2023-01-25 16:17:02;-59;-10.55, 0;0, 0;10.55
1674663422.367455242;2023-01-25 16:17:02;-64;-10.55, 0;0, 0;10.55
1674663422.981671020;2023-01-25 16:17:02;-54;-10.55, 0;0, 0;10.55
1674663423.001182335;2023-01-25 16:17:03;-55;-10.55, 0;0, 0;10.55
1674663423.301774909;2023-01-25 16:17:03;-55;-10.55, 0;0, 0;10.55
1674663423.321039779;2023-01-25 16:17:03;-53;-10.55, 0;0, 0;10.55
1674663424.337738667;2023-01-25 16:17:04;-55;-10.55, 0;0, 0;10.55
1674663424.357925945;2023-01-25 16:17:04;-55;-10.55, 0;0, 0;10.55
1674663424.560198186;2023-01-25 16:17:04;-60;-10.55, 0;0, 0;10.55
1674663424.579927834;2023-01-25 16:17:04;-61;-10.55, 0;0, 0;10.55
1674663424.626642241;2023-01-25 16:17:04;-51;-10.55, 0;0, 0;10.55
1674663424.646541000;2023-01-25 16:17:04;-56;-10.55, 0;0, 0;10.55
1674663453.663167057;2023-01-25 16:17:33;-61;-10.55, 0;0, 0;10.55
1674663453.669419020;2023-01-25 16:17:33;-71;-10.55, 0;0, 0;10.55
1674663453.674151835;2023-01-25 16:17:33;-62;-10.55, 0;0, 0;10.55
1674663453.676746094;2023-01-25 16:17:33;-62;-10.55, 0;0, 0;10.55
1674663453.865562335;2023-01-25 16:17:33;-54;-10.55, 0;0, 0;10.55
1674663453.904569224;2023-01-25 16:17:33;-55;-10.55, 0;0, 0;10.55
1674663457.530521351;2023-01-25 16:17:37;-49;-10.55, 0;0, 0;10.55
1674663458.376559462;2023-01-25 16:17:38;-54;-10.55, 0;0, 0;10.55
1674663458.484446832;2023-01-25 16:17:38;-55;-10.55, 0;0, 0;10.55
1674663459.391797517;2023-01-25 16:17:39;-54;-10.55, 0;0, 0;10.55
1674663459.842857757;2023-01-25 16:17:39;-53;-10.55, 0;0, 0;10.55
1674663459.929401553;2023-01-25 16:17:39;-67;-10.55, 0;0, 0;10.55
1674663461.061806516;2023-01-25 16:17:41;-54;-10.55, 0;0, 0;10.55
1674663461.081448330;2023-01-25 16:17:41;-53;-10.55, 0;0, 0;10.55
1674663461.118143664;2023-01-25 16:17:41;-53;-10.55, 0;0, 0;10.55
1674663462.053306089;2023-01-25 16:17:42;-53;-10.55, 0;0, 0;10.55
1674663462.074377922;2023-01-25 16:17:42;-54;-10.55, 0;0, 0;10.55
1674663463.286851959;2023-01-25 16:17:43;-55;-10.55, 0;0, 0;10.55
1674663463.306150570;2023-01-25 16:17:43;-56;-10.55, 0;0, 0;10.55
1674663463.398116922;2023-01-25 16:17:43;-62;-10.55, 0;0, 0;10.55
1674663468.004923678;2023-01-25 16:17:48;-55;-10.55, 0;0, 0;10.55
1674663468.025464308;2023-01-25 16:17:48;-56;-10.55, 0;0, 0;10.55
1674663468.781430844;2023-01-25 16:17:48;-53;-10.55, 0;0, 0;10.55
1674663468.821856104;2023-01-25 16:17:48;-53;-10.55, 0;0, 0;10.55
1674663468.881316511;2023-01-25 16:17:48;-54;-10.55, 0;0, 0;10.55
1674663468.901540529;2023-01-25 16:17:48;-70;-10.55, 0;0, 0;10.55
1674663471.099599917;2023-01-25 16:17:51;-59;-10.55, 0;0, 0;10.55
1674663471.142291713;2023-01-25 16:17:51;-63;-10.55, 0;0, 0;10.55
1674663476.738773840;2023-01-25 16:17:56;-65;-10.55, 0;0, 0;10.55
1674663476.757128043;2023-01-25 16:17:56;-66;-10.55, 0;0, 0;10.55
1674663477.852035857;2023-01-25 16:17:57;-54;-10.55, 0;0, 0;10.55
1674663477.878241987;2023-01-25 16:17:57;-53;-10.55, 0;0, 0;10.55
1674663478.390278079;2023-01-25 16:17:58;-49;-10.55, 0;0, 0;10.55
1674663478.870751524;2023-01-25 16:17:58;-53;-10.55, 0;0, 0;10.55
1674663479.290139690;2023-01-25 16:17:59;-54;-10.55, 0;0, 0;10.55
1674663479.730798319;2023-01-25 16:17:59;-53;-10.55, 0;0, 0;10.55
1674663480.120610097;2023-01-25 16:18:00;-53;-10.55, 0;0, 0;10.55
1674663480.570873060;2023-01-25 16:18:00;-53;-10.55, 0;0, 0;10.55
1674663481.403326818;2023-01-25 16:18:01;-54;-10.55, 0;0, 0;10.55
1674663481.427019707;2023-01-25 16:18:01;-53;-10.55, 0;0, 0;10.55
1674663481.811278837;2023-01-25 16:18:01;-49;-10.55, 0;0, 0;10.55
1674663482.473071818;2023-01-25 16:18:02;-59;-10.55, 0;0, 0;10.55
1674663482.516808373;2023-01-25 16:18:02;-56;-10.55, 0;0, 0;10.55
1674663482.625031688;2023-01-25 16:18:02;-53;-10.55, 0;0, 0;10.55
1674663482.693089910;2023-01-25 16:18:02;-56;-10.55, 0;0, 0;10.55
1674663486.910773426;2023-01-25 16:18:06;-53;-10.55, 0;0, 0;10.55
1674663487.994092037;2023-01-25 16:18:07;-65;-10.55, 0;0, 0;10.55
1674663497.174535827;2023-01-25 16:18:17;-54;-10.55, 0;0, 0;10.55
1674663497.194852309;2023-01-25 16:18:17;-53;-10.55, 0;0, 0;10.55
1674663499.860216178;2023-01-25 16:18:19;-54;-10.55, 0;0, 0;10.55
1674663499.879506344;2023-01-25 16:18:19;-53;-10.55, 0;0, 0;10.55
1674663500.921854862;2023-01-25 16:18:20;-54;-10.55, 0;0, 0;10.55
1674663500.941182362;2023-01-25 16:18:20;-53;-10.55, 0;0, 0;10.55
1674663501.173284621;2023-01-25 16:18:21;-55;-10.55, 0;0, 0;10.55
1674663508.451091413;2023-01-25 16:18:28;-53;-10.55, 0;0, 0;10.55
1674663508.502094654;2023-01-25 16:18:28;-53;-10.55, 0;0, 0;10.55
1674663508.505698636;2023-01-25 16:18:28;-54;-10.55, 0;0, 0;10.55
1674663508.528932469;2023-01-25 16:18:28;-54;-10.55, 0;0, 0;10.55
1674663508.548947006;2023-01-25 16:18:28;-53;-10.55, 0;0, 0;10.55
1674663508.555236247;2023-01-25 16:18:28;-53;-10.55, 0;0, 0;10.55
1674663509.365363857;2023-01-25 16:18:29;-53;-10.55, 0;0, 0;10.55
1674663509.384588061;2023-01-25 16:18:29;-53;-10.55, 0;0, 0;10.55
1674663509.519136394;2023-01-25 16:18:29;-54;-10.55, 0;0, 0;10.55
1674663510.270532116;2023-01-25 16:18:30;-54;-10.55, 0;0, 0;10.55
1674663510.424516171;2023-01-25 16:18:30;-53;-10.55, 0;0, 0;10.55
1674663510.443681801;2023-01-25 16:18:30;-54;-10.55, 0;0, 0;10.55
1674663510.486470579;2023-01-25 16:18:30;-58;-10.55, 0;0, 0;10.55
1674663510.512147838;2023-01-25 16:18:30;-65;-10.55, 0;0, 0;10.55
1674663510.531406986;2023-01-25 16:18:30;-65;-10.55, 0;0, 0;10.55
1674663511.329464893;2023-01-25 16:18:31;-58;-10.55, 0;0, 0;10.55
1674663515.731151131;2023-01-25 16:18:35;-54;-10.55, 0;0, 0;10.55
1674663515.751060668;2023-01-25 16:18:35;-53;-10.55, 0;0, 0;10.55
1674663515.840245557;2023-01-25 16:18:35;-53;-10.55, 0;0, 0;10.55
1674663515.860232261;2023-01-25 16:18:35;-53;-10.55, 0;0, 0;10.55
1674663516.920533464;2023-01-25 16:18:36;-54;-10.55, 0;0, 0;10.55
1674663516.977793205;2023-01-25 16:18:36;-53;-10.55, 0;0, 0;10.55
1674663516.998659427;2023-01-25 16:18:36;-53;-10.55, 0;0, 0;10.55
1674663518.050100741;2023-01-25 16:18:38;-52;-10.55, 0;0, 0;10.55
1674663518.128688371;2023-01-25 16:18:38;-53;-10.55, 0;0, 0;10.55
1674663519.191380407;2023-01-25 16:18:39;-54;-10.55, 0;0, 0;10.55
1674663519.212227814;2023-01-25 16:18:39;-52;-10.55, 0;0, 0;10.55
1674663519.256485351;2023-01-25 16:18:39;-53;-10.55, 0;0, 0;10.55
1674663519.276737333;2023-01-25 16:18:39;-52;-10.55, 0;0, 0;10.55
1674663520.417431628;2023-01-25 16:18:40;-49;-10.55, 0;0, 0;10.55
1674663520.496217425;2023-01-25 16:18:40;-55;-10.55, 0;0, 0;10.55
1674663520.785147128;2023-01-25 16:18:40;-58;-10.55, 0;0, 0;10.55
1674663520.853721869;2023-01-25 16:18:40;-59;-10.55, 0;0, 0;10.55
1674663520.873407999;2023-01-25 16:18:40;-55;-10.55, 0;0, 0;10.55
1674663526.011398107;2023-01-25 16:18:46;-54;-10.55, 0;0, 0;10.55
1674663527.200443013;2023-01-25 16:18:47;-53;-10.55, 0;0, 0;10.55
1674663527.220481476;2023-01-25 16:18:47;-52;-10.55, 0;0, 0;10.55
1674663528.254069679;2023-01-25 16:18:48;-55;-10.55, 0;0, 0;10.55
1674663528.274983883;2023-01-25 16:18:48;-53;-10.55, 0;0, 0;10.55
1674663528.338768827;2023-01-25 16:18:48;-53;-10.55, 0;0, 0;10.55
1674663529.541782901;2023-01-25 16:18:49;-49;-10.55, 0;0, 0;10.55
1674663529.654336493;2023-01-25 16:18:49;-53;-10.55, 0;0, 0;10.55
1674663529.673786790;2023-01-25 16:18:49;-53;-10.55, 0;0, 0;10.55
1674663535.811572675;2023-01-25 16:18:55;-53;-10.55, 0;0, 0;10.55
1674663535.831190786;2023-01-25 16:18:55;-52;-10.55, 0;0, 0;10.55
1674663535.875469675;2023-01-25 16:18:55;-53;-10.55, 0;0, 0;10.55
1674663536.951457711;2023-01-25 16:18:56;-54;-10.55, 0;0, 0;10.55
1674663536.971406433;2023-01-25 16:18:56;-52;-10.55, 0;0, 0;10.55
1674663538.066097673;2023-01-25 16:18:58;-54;-10.55, 0;0, 0;10.55
1674663538.087594766;2023-01-25 16:18:58;-53;-10.55, 0;0, 0;10.55
1674663538.155547655;2023-01-25 16:18:58;-53;-10.55, 0;0, 0;10.55
1674663539.203872543;2023-01-25 16:18:59;-54;-10.55, 0;0, 0;10.55
1674663539.223374747;2023-01-25 16:18:59;-52;-10.55, 0;0, 0;10.55
1674663540.817670209;2023-01-25 16:19:00;-61;-10.55, 0;0, 0;10.55
1674663540.837138264;2023-01-25 16:19:00;-61;-10.55, 0;0, 0;10.55
1674663540.915664024;2023-01-25 16:19:00;-61;-10.55, 0;0, 0;10.55
1674663541.263916264;2023-01-25 16:19:01;-49;-10.55, 0;0, 0;10.55
1674663541.283789246;2023-01-25 16:19:01;-70;-10.55, 0;0, 0;10.55
1674663545.060161780;2023-01-25 16:19:05;-53;-10.55, 0;0, 0;10.55
1674663564.841149972;2023-01-25 16:19:24;-54;-10.55, 0;0, 0;10.55
1674663564.861295954;2023-01-25 16:19:24;-53;-10.55, 0;0, 0;10.55
1674663564.901553176;2023-01-25 16:19:24;-53;-10.55, 0;0, 0;10.55
1674663564.906063732;2023-01-25 16:19:24;-53;-10.55, 0;0, 0;10.55
1674663571.202157950;2023-01-25 16:19:31;-53;-10.55, 0;0, 0;10.55
1674663571.221041913;2023-01-25 16:19:31;-52;-10.55, 0;0, 0;10.55
1674663571.274188265;2023-01-25 16:19:31;-53;-10.55, 0;0, 0;10.55
1674663571.294582728;2023-01-25 16:19:31;-53;-10.55, 0;0, 0;10.55
1674663573.529179375;2023-01-25 16:19:33;-53;-10.55, 0;0, 0;10.55
1674663573.548522652;2023-01-25 16:19:33;-54;-10.55, 0;0, 0;10.55
1674663574.306735263;2023-01-25 16:19:34;-53;-10.55, 0;0, 0;10.55
1674663574.350207059;2023-01-25 16:19:34;-57;-10.55, 0;0, 0;10.55
1674663574.393995985;2023-01-25 16:19:34;-65;-10.55, 0;0, 0;10.55
1674663576.145992669;2023-01-25 16:19:36;-58;-10.55, 0;0, 0;10.55
1674663576.243439910;2023-01-25 16:19:36;-62;-10.55, 0;0, 0;10.55
1674663576.261259910;2023-01-25 16:19:36;-62;-10.55, 0;0, 0;10.55
1674663576.516791262;2023-01-25 16:19:36;-55;-10.55, 0;0, 0;10.55
1674663576.537202521;2023-01-25 16:19:36;-57;-10.55, 0;0, 0;10.55
1674663576.653462743;2023-01-25 16:19:36;-56;-10.55, 0;0, 0;10.55
1674663576.672817891;2023-01-25 16:19:36;-57;-10.55, 0;0, 0;10.55
1674663581.882348758;2023-01-25 16:19:41;-53;-10.55, 0;0, 0;10.55
1674663581.902355610;2023-01-25 16:19:41;-52;-10.55, 0;0, 0;10.55
1674663593.834555029;2023-01-25 16:19:53;-54;-10.55, 0;0, 0;10.55
1674663593.854273751;2023-01-25 16:19:53;-53;-10.55, 0;0, 0;10.55
1674663594.852322121;2023-01-25 16:19:54;-55;-10.55, 0;0, 0;10.55
1674663594.987058602;2023-01-25 16:19:54;-60;-10.55, 0;0, 0;10.55
1674663595.006222788;2023-01-25 16:19:55;-60;-10.55, 0;0, 0;10.55
1674663595.290688232;2023-01-25 16:19:55;-54;-10.55, 0;0, 0;10.55
1674663595.961938157;2023-01-25 16:19:55;-61;-10.55, 0;0, 0;10.55
1674663596.236507898;2023-01-25 16:19:56;-53;-10.55, 0;0, 0;10.55
1674663596.436263602;2023-01-25 16:19:56;-54;-10.55, 0;0, 0;10.55
1674663596.456016287;2023-01-25 16:19:56;-55;-10.55, 0;0, 0;10.55
1674663600.199922544;2023-01-25 16:20:00;-53;-10.55, 0;0, 0;10.55
1674663600.923634803;2023-01-25 16:20:00;-54;-10.55, 0;0, 0;10.55
1674663600.998482043;2023-01-25 16:20:00;-54;-10.55, 0;0, 0;10.55
1674663601.733258395;2023-01-25 16:20:01;-53;-10.55, 0;0, 0;10.55
1674663601.789518432;2023-01-25 16:20:01;-53;-10.55, 0;0, 0;10.55
1674663602.502328468;2023-01-25 16:20:02;-53;-10.55, 0;0, 0;10.55
1674663602.550028857;2023-01-25 16:20:02;-54;-10.55, 0;0, 0;10.55
1674663602.568763061;2023-01-25 16:20:02;-54;-10.55, 0;0, 0;10.55
1674663603.281725838;2023-01-25 16:20:03;-54;-10.55, 0;0, 0;10.55
1674663603.303284801;2023-01-25 16:20:03;-53;-10.55, 0;0, 0;10.55
1674663603.399882597;2023-01-25 16:20:03;-58;-10.55, 0;0, 0;10.55
1674663604.061185153;2023-01-25 16:20:04;-54;-10.55, 0;0, 0;10.55
1674663605.964976818;2023-01-25 16:20:05;-61;-10.55, 0;0, 0;10.55
1674663609.574942372;2023-01-25 16:20:09;-55;-10.55, 0;0, 0;10.55
1674663609.586458446;2023-01-25 16:20:09;-54;-10.55, 0;0, 0;10.55
1674663609.722340205;2023-01-25 16:20:09;-53;-10.55, 0;0, 0;10.55
1674663609.743337131;2023-01-25 16:20:09;-52;-10.55, 0;0, 0;10.55
1674663610.854273926;2023-01-25 16:20:10;-54;-10.55, 0;0, 0;10.55
1674663610.874356926;2023-01-25 16:20:10;-53;-10.55, 0;0, 0;10.55
1674663610.887481797;2023-01-25 16:20:10;-53;-10.55, 0;0, 0;10.55
1674663610.896338500;2023-01-25 16:20:10;-52;-10.55, 0;0, 0;10.55
1674663610.983585389;2023-01-25 16:20:10;-54;-10.55, 0;0, 0;10.55
1674663611.003335926;2023-01-25 16:20:11;-52;-10.55, 0;0, 0;10.55
1674663613.465693258;2023-01-25 16:20:13;-54;-10.55, 0;0, 0;10.55
1674663613.485713943;2023-01-25 16:20:13;-53;-10.55, 0;0, 0;10.55
1674663613.491905110;2023-01-25 16:20:13;-53;-10.55, 0;0, 0;10.55
1674663613.529521203;2023-01-25 16:20:13;-53;-10.55, 0;0, 0;10.55
1674663613.549949721;2023-01-25 16:20:13;-53;-10.55, 0;0, 0;10.55
1674663622.420685938;2023-01-25 16:20:22;-53;-10.55, 0;0, 0;10.55
1674663623.865114900;2023-01-25 16:20:23;-49;-10.55, 0;0, 0;10.55
1674663623.882141919;2023-01-25 16:20:23;-54;-10.55, 0;0, 0;10.55
1674663638.696594669;2023-01-25 16:20:38;-55;-10.55, 0;0, 0;10.55
1674663638.717340095;2023-01-25 16:20:38;-54;-10.55, 0;0, 0;10.55
1674663639.218889446;2023-01-25 16:20:39;-54;-10.55, 0;0, 0;10.55
1674663639.238977965;2023-01-25 16:20:39;-53;-10.55, 0;0, 0;10.55
1674663639.908866761;2023-01-25 16:20:39;-70;-10.55, 0;0, 0;10.55
1674663639.932586150;2023-01-25 16:20:39;-54;-10.55, 0;0, 0;10.55
1674663640.431412520;2023-01-25 16:20:40;-53;-10.55, 0;0, 0;10.55
1674663640.917122075;2023-01-25 16:20:40;-56;-10.55, 0;0, 0;10.55
1674663640.936524927;2023-01-25 16:20:40;-55;-10.55, 0;0, 0;10.55
1674663641.003364260;2023-01-25 16:20:41;-66;-10.55, 0;0, 0;10.55
1674663641.022706168;2023-01-25 16:20:41;-67;-10.55, 0;0, 0;10.55
1674663642.200701574;2023-01-25 16:20:42;-55;-10.55, 0;0, 0;10.55
1674663642.852387630;2023-01-25 16:20:42;-53;-10.55, 0;0, 0;10.55
1674663643.396036666;2023-01-25 16:20:43;-62;-10.55, 0;0, 0;10.55
1674663643.804918499;2023-01-25 16:20:43;-56;-10.55, 0;0, 0;10.55
1674663644.920270036;2023-01-25 16:20:44;-64;-10.55, 0;0, 0;10.55
1674663652.122184031;2023-01-25 16:20:52;-53;-10.55, 0;0, 0;10.55
1674663652.142900513;2023-01-25 16:20:52;-53;-10.55, 0;0, 0;10.55
1674663652.841970031;2023-01-25 16:20:52;-54;-10.55, 0;0, 0;10.55
1674663652.862159920;2023-01-25 16:20:52;-53;-10.55, 0;0, 0;10.55
1674663653.147099031;2023-01-25 16:20:53;-60;-10.55, 0;0, 0;10.55
1674663653.191232086;2023-01-25 16:20:53;-60;-10.55, 0;0, 0;10.55
1674663653.211507031;2023-01-25 16:20:53;-59;-10.55, 0;0, 0;10.55
1674663653.234886901;2023-01-25 16:20:53;-61;-10.55, 0;0, 0;10.55
1674663653.277476290;2023-01-25 16:20:53;-56;-10.55, 0;0, 0;10.55
1674663653.297887568;2023-01-25 16:20:53;-56;-10.55, 0;0, 0;10.55
1674663653.320701253;2023-01-25 16:20:53;-55;-10.55, 0;0, 0;10.55
1674663653.364273457;2023-01-25 16:20:53;-55;-10.55, 0;0, 0;10.55
1674663653.408875475;2023-01-25 16:20:53;17;-10.55, 0;0, 0;10.55
1674663654.161094623;2023-01-25 16:20:54;-62;-10.55, 0;0, 0;10.55
1674663654.181594919;2023-01-25 16:20:54;-64;-10.55, 0;0, 0;10.55
1674663657.906287380;2023-01-25 16:20:57;-53;-10.55, 0;0, 0;10.55
1674663657.928795917;2023-01-25 16:20:57;-53;-10.55, 0;0, 0;10.55
1674663658.393792602;2023-01-25 16:20:58;-53;-10.55, 0;0, 0;10.55
1674663658.413408491;2023-01-25 16:20:58;-55;-10.55, 0;0, 0;10.55
1674663658.740403546;2023-01-25 16:20:58;-53;-10.55, 0;0, 0;10.55
1674663658.827343509;2023-01-25 16:20:58;-65;-10.55, 0;0, 0;10.55
1674663660.181312175;2023-01-25 16:21:00;-53;-10.55, 0;0, 0;10.55
1674663660.201695452;2023-01-25 16:21:00;-52;-10.55, 0;0, 0;10.55
1674663660.688883341;2023-01-25 16:21:00;-54;-10.55, 0;0, 0;10.55
1674663662.982613636;2023-01-25 16:21:02;-61;-10.55, 0;0, 0;10.55
1674663663.212638599;2023-01-25 16:21:03;-60;-10.55, 0;0, 0;10.55
1674663663.232606043;2023-01-25 16:21:03;-57;-10.55, 0;0, 0;10.55
1674663663.426376839;2023-01-25 16:21:03;-56;-10.55, 0;0, 0;10.55
1674663663.446942173;2023-01-25 16:21:03;-56;-10.55, 0;0, 0;10.55
1674663663.734741302;2023-01-25 16:21:03;-59;-10.55, 0;0, 0;10.55
1674663667.504475448;2023-01-25 16:21:07;-54;-10.55, 0;0, 0;10.55
1674663667.524051263;2023-01-25 16:21:07;-54;-10.55, 0;0, 0;10.55
1674663680.064906478;2023-01-25 16:21:20;-52;-10.55, 0;0, 0;10.55
1674663680.104567496;2023-01-25 16:21:20;-52;-10.55, 0;0, 0;10.55
1674663689.170001269;2023-01-25 16:21:29;-53;-10.55, 0;0, 0;10.55
1674663691.861808119;2023-01-25 16:21:31;-53;-10.55, 0;0, 0;10.55
1674663692.798706433;2023-01-25 16:21:32;-53;-10.55, 0;0, 0;10.55
1674663692.818699896;2023-01-25 16:21:32;-54;-10.55, 0;0, 0;10.55
1674663692.842755692;2023-01-25 16:21:32;-52;-10.55, 0;0, 0;10.55
1674663692.849880507;2023-01-25 16:21:32;-54;-10.55, 0;0, 0;10.55
1674663692.869904303;2023-01-25 16:21:32;-54;-10.55, 0;0, 0;10.55
1674663692.884742174;2023-01-25 16:21:32;-52;-10.55, 0;0, 0;10.55
1674663692.948703026;2023-01-25 16:21:32;-59;-10.55, 0;0, 0;10.55
1674663693.375687673;2023-01-25 16:21:33;-60;-10.55, 0;0, 0;10.55
1674663693.395517581;2023-01-25 16:21:33;-62;-10.55, 0;0, 0;10.55
1674663697.249168023;2023-01-25 16:21:37;-48;-10.55, 0;0, 0;10.55
1674663697.320466504;2023-01-25 16:21:37;-53;-10.55, 0;0, 0;10.55
1674663697.339629727;2023-01-25 16:21:37;-52;-10.55, 0;0, 0;10.55
1674663698.417155726;2023-01-25 16:21:38;-53;-10.55, 0;0, 0;10.55
1674663699.495587151;2023-01-25 16:21:39;-53;-10.55, 0;0, 0;10.55
1674663699.942717577;2023-01-25 16:21:39;-48;-10.55, 0;0, 0;10.55
1674663699.986491818;2023-01-25 16:21:39;-55;-10.55, 0;0, 0;10.55
1674663700.049614984;2023-01-25 16:21:40;-63;-10.55, 0;0, 0;10.55
1674663700.591084965;2023-01-25 16:21:40;-53;-10.55, 0;0, 0;10.55
1674663700.650490910;2023-01-25 16:21:40;-53;-10.55, 0;0, 0;10.55
1674663702.172592520;2023-01-25 16:21:42;-53;-10.55, 0;0, 0;10.55
1674663709.591335312;2023-01-25 16:21:49;-52;-10.55, 0;0, 0;10.55
1674663710.746583052;2023-01-25 16:21:50;-53;-10.55, 0;0, 0;10.55
1674663710.774290311;2023-01-25 16:21:50;-52;-10.55, 0;0, 0;10.55
1674663711.082416385;2023-01-25 16:21:51;-53;-10.55, 0;0, 0;10.55
1674663711.102419330;2023-01-25 16:21:51;-52;-10.55, 0;0, 0;10.55
1674663711.122255033;2023-01-25 16:21:51;-52;-10.55, 0;0, 0;10.55
1674663711.141980330;2023-01-25 16:21:51;-52;-10.55, 0;0, 0;10.55
1674663711.162282181;2023-01-25 16:21:51;-53;-10.55, 0;0, 0;10.55
1674663716.254367919;2023-01-25 16:21:56;-53;-10.55, 0;0, 0;10.55
1674663716.430626049;2023-01-25 16:21:56;-53;-10.55, 0;0, 0;10.55
1674663716.449351771;2023-01-25 16:21:56;-53;-10.55, 0;0, 0;10.55
1674663716.772905141;2023-01-25 16:21:56;-53;-10.55, 0;0, 0;10.55
1674663716.860366604;2023-01-25 16:21:56;-64;-10.55, 0;0, 0;10.55
1674663718.040829751;2023-01-25 16:21:58;-53;-10.55, 0;0, 0;10.55
1674663718.061899937;2023-01-25 16:21:58;-52;-10.55, 0;0, 0;10.55
1674663718.322134547;2023-01-25 16:21:58;-52;-10.55, 0;0, 0;10.55
1674663718.343142214;2023-01-25 16:21:58;-53;-10.55, 0;0, 0;10.55
1674663719.770917121;2023-01-25 16:21:59;-53;-10.55, 0;0, 0;10.55
1674663719.791900880;2023-01-25 16:21:59;-53;-10.55, 0;0, 0;10.55
1674663720.057266435;2023-01-25 16:22:00;-54;-10.55, 0;0, 0;10.55
1674663720.077113361;2023-01-25 16:22:00;-52;-10.55, 0;0, 0;10.55
1674663720.554878583;2023-01-25 16:22:00;-53;-10.55, 0;0, 0;10.55
1674663720.949032527;2023-01-25 16:22:00;-53;-10.55, 0;0, 0;10.55
1674663721.649406083;2023-01-25 16:22:01;-53;-10.55, 0;0, 0;10.55
1674663721.665802175;2023-01-25 16:22:01;-70;-10.55, 0;0, 0;10.55
1674663721.896975342;2023-01-25 16:22:01;-59;-10.55, 0;0, 0;10.55
1674663731.239471429;2023-01-25 16:22:11;-71;-10.55, 0;0, 0;10.55
1674663736.791228592;2023-01-25 16:22:16;-52;-10.55, 0;0, 0;10.55
1674663756.387307284;2023-01-25 16:22:36;-53;-10.55, 0;0, 0;10.55
1674663756.724832284;2023-01-25 16:22:36;-56;-10.55, 0;0, 0;10.55
1674663759.820234504;2023-01-25 16:22:39;-53;-10.55, 0;0, 0;10.55
1674663759.940819430;2023-01-25 16:22:39;-55;-10.55, 0;0, 0;10.55
1674663759.960190819;2023-01-25 16:22:39;-55;-10.55, 0;0, 0;10.55
1674663759.983354208;2023-01-25 16:22:39;-63;-10.55, 0;0, 0;10.55
1674663760.963549596;2023-01-25 16:22:40;-52;-10.55, 0;0, 0;10.55
1674663762.692036317;2023-01-25 16:22:42;-53;-10.55, 0;0, 0;10.55
1674663762.711496799;2023-01-25 16:22:42;-53;-10.55, 0;0, 0;10.55
1674663762.954817539;2023-01-25 16:22:42;-53;-10.55, 0;0, 0;10.55
1674663762.974810206;2023-01-25 16:22:42;-53;-10.55, 0;0, 0;10.55
1674663763.833604169;2023-01-25 16:22:43;-53;-10.55, 0;0, 0;10.55
1674663763.852753187;2023-01-25 16:22:43;-53;-10.55, 0;0, 0;10.55
1674663765.747357797;2023-01-25 16:22:45;-64;-10.55, 0;0, 0;10.55
1674663765.833422075;2023-01-25 16:22:45;-54;-10.55, 0;0, 0;10.55
1674663765.877172852;2023-01-25 16:22:45;-53;-10.55, 0;0, 0;10.55
1674663765.896507464;2023-01-25 16:22:45;-53;-10.55, 0;0, 0;10.55
1674663765.943451186;2023-01-25 16:22:45;-53;-10.55, 0;0, 0;10.55
1674663766.009683889;2023-01-25 16:22:46;-64;-10.55, 0;0, 0;10.55
1674663770.183971128;2023-01-25 16:22:50;-53;-10.55, 0;0, 0;10.55
1674663770.451144387;2023-01-25 16:22:50;-52;-10.55, 0;0, 0;10.55
1674663771.074646886;2023-01-25 16:22:51;-53;-10.55, 0;0, 0;10.55
1674663771.094066016;2023-01-25 16:22:51;-52;-10.55, 0;0, 0;10.55
1674663771.138715442;2023-01-25 16:22:51;-55;-10.55, 0;0, 0;10.55
1674663772.624160719;2023-01-25 16:22:52;-53;-10.55, 0;0, 0;10.55
1674663772.645791089;2023-01-25 16:22:52;-53;-10.55, 0;0, 0;10.55
1674663772.931958533;2023-01-25 16:22:52;-52;-10.55, 0;0, 0;10.55
1674663772.951973737;2023-01-25 16:22:52;-53;-10.55, 0;0, 0;10.55
1674663773.877764959;2023-01-25 16:22:53;-53;-10.55, 0;0, 0;10.55
1674663774.957481532;2023-01-25 16:22:54;-53;-10.55, 0;0, 0;10.55
1674663774.977521143;2023-01-25 16:22:54;17;-10.55, 0;0, 0;10.55
1674663776.001254809;2023-01-25 16:22:56;-55;-10.55, 0;0, 0;10.55
1674663776.021517717;2023-01-25 16:22:56;-59;-10.55, 0;0, 0;10.55
1674663779.693505622;2023-01-25 16:22:59;-53;-10.55, 0;0, 0;10.55
1674663779.715016807;2023-01-25 16:22:59;-53;-10.55, 0;0, 0;10.55
1674663779.832129418;2023-01-25 16:22:59;-52;-10.55, 0;0, 0;10.55
1674663780.541297733;2023-01-25 16:23:00;-53;-10.55, 0;0, 0;10.55
1674663780.561258770;2023-01-25 16:23:00;-52;-10.55, 0;0, 0;10.55
1674663780.717976658;2023-01-25 16:23:00;-53;-10.55, 0;0, 0;10.55
1674663781.384156751;2023-01-25 16:23:01;-53;-10.55, 0;0, 0;10.55
1674663781.552119139;2023-01-25 16:23:01;-53;-10.55, 0;0, 0;10.55
1674663782.261271824;2023-01-25 16:23:02;-52;-10.55, 0;0, 0;10.55
1674663782.354802750;2023-01-25 16:23:02;-71;-10.55, 0;0, 0;10.55
1674663782.398539380;2023-01-25 16:23:02;-63;-10.55, 0;0, 0;10.55
1674663783.051329620;2023-01-25 16:23:03;-52;-10.55, 0;0, 0;10.55
1674663783.186318287;2023-01-25 16:23:03;-51;-10.55, 0;0, 0;10.55
1674663793.246175818;2023-01-25 16:23:13;-52;-10.55, 0;0, 0;10.55
1674663812.407563195;2023-01-25 16:23:32;-53;-10.55, 0;0, 0;10.55
1674663812.425057177;2023-01-25 16:23:32;-51;-10.55, 0;0, 0;10.55
1674663830.949300036;2023-01-25 16:23:50;-52;-10.55, 0;0, 0;10.55
1674663830.969045758;2023-01-25 16:23:50;-52;-10.55, 0;0, 0;10.55
1674663831.121533832;2023-01-25 16:23:51;-55;-10.55, 0;0, 0;10.55
1674663831.140860777;2023-01-25 16:23:51;-55;-10.55, 0;0, 0;10.55
1674663831.165394721;2023-01-25 16:23:51;-60;-10.55, 0;0, 0;10.55
1674663832.144804665;2023-01-25 16:23:52;-53;-10.55, 0;0, 0;10.55
1674663833.358420146;2023-01-25 16:23:53;-55;-10.55, 0;0, 0;10.55
1674663833.694375016;2023-01-25 16:23:53;-57;-10.55, 0;0, 0;10.55
1674663833.714064479;2023-01-25 16:23:53;-57;-10.55, 0;0, 0;10.55
1674663834.218080682;2023-01-25 16:23:54;-61;-10.55, 0;0, 0;10.55
1674663834.238435775;2023-01-25 16:23:54;-61;-10.55, 0;0, 0;10.55
1674663837.681817717;2023-01-25 16:23:57;-52;-10.55, 0;0, 0;10.55
1674663837.701545828;2023-01-25 16:23:57;-52;-10.55, 0;0, 0;10.55
1674663838.281098717;2023-01-25 16:23:58;-49;-10.55, 0;0, 0;10.55
1674663838.714454642;2023-01-25 16:23:58;-53;-10.55, 0;0, 0;10.55
1674663838.734685698;2023-01-25 16:23:58;-52;-10.55, 0;0, 0;10.55
1674663839.126614050;2023-01-25 16:23:59;-54;-10.55, 0;0, 0;10.55
1674663839.979343549;2023-01-25 16:23:59;-53;-10.55, 0;0, 0;10.55
1674663839.999272697;2023-01-25 16:23:59;-53;-10.55, 0;0, 0;10.55
1674663840.208119419;2023-01-25 16:24:00;-53;-10.55, 0;0, 0;10.55
1674663840.227286641;2023-01-25 16:24:00;-53;-10.55, 0;0, 0;10.55
1674663840.732207660;2023-01-25 16:24:00;-53;-10.55, 0;0, 0;10.55
1674663841.003081474;2023-01-25 16:24:01;-53;-10.55, 0;0, 0;10.55
1674663841.024402937;2023-01-25 16:24:01;-53;-10.55, 0;0, 0;10.55
1674663842.203708825;2023-01-25 16:24:02;-52;-10.55, 0;0, 0;10.55
1674663842.347938455;2023-01-25 16:24:02;-55;-10.55, 0;0, 0;10.55
1674663842.370364733;2023-01-25 16:24:02;-55;-10.55, 0;0, 0;10.55
1674663842.412931585;2023-01-25 16:24:02;-61;-10.55, 0;0, 0;10.55
1674663842.432443640;2023-01-25 16:24:02;-61;-10.55, 0;0, 0;10.55
1674663842.456685788;2023-01-25 16:24:02;-59;-10.55, 0;0, 0;10.55
1674663842.500425381;2023-01-25 16:24:02;-61;-10.55, 0;0, 0;10.55
1674663842.544163510;2023-01-25 16:24:02;-58;-10.55, 0;0, 0;10.55
1674663843.756923306;2023-01-25 16:24:03;-54;-10.55, 0;0, 0;10.55
1674663872.714245455;2023-01-25 16:24:32;-57;-10.55, 0;0, 0;10.55
1674663872.756867178;2023-01-25 16:24:32;-53;-10.55, 0;0, 0;10.55
1674663872.776969381;2023-01-25 16:24:32;-53;-10.55, 0;0, 0;10.55
1674663872.841632492;2023-01-25 16:24:32;-52;-10.55, 0;0, 0;10.55
1674663872.885984807;2023-01-25 16:24:32;-59;-10.55, 0;0, 0;10.55
1674663889.342472371;2023-01-25 16:24:49;-53;-10.55, 0;0, 0;10.55
1674663889.732791501;2023-01-25 16:24:49;-53;-10.55, 0;0, 0;10.55
1674663890.151098871;2023-01-25 16:24:50;-53;-10.55, 0;0, 0;10.55
1674663890.610173111;2023-01-25 16:24:50;-53;-10.55, 0;0, 0;10.55
1674663890.629944241;2023-01-25 16:24:50;-53;-10.55, 0;0, 0;10.55
1674663890.831609111;2023-01-25 16:24:50;-53;-10.55, 0;0, 0;10.55
1674663891.292112741;2023-01-25 16:24:51;-55;-10.55, 0;0, 0;10.55
1674663891.337119074;2023-01-25 16:24:51;17;-10.55, 0;0, 0;10.55
1674663891.380888574;2023-01-25 16:24:51;17;-10.55, 0;0, 0;10.55
1674663891.443955055;2023-01-25 16:24:51;-64;-10.55, 0;0, 0;10.55
1674663895.474918479;2023-01-25 16:24:55;-53;-10.55, 0;0, 0;10.55
1674663895.561156053;2023-01-25 16:24:55;-52;-10.55, 0;0, 0;10.55
1674663895.580955460;2023-01-25 16:24:55;-54;-10.55, 0;0, 0;10.55
1674663896.254597015;2023-01-25 16:24:56;-53;-10.55, 0;0, 0;10.55
1674663896.371170738;2023-01-25 16:24:56;-53;-10.55, 0;0, 0;10.55
1674663896.390697589;2023-01-25 16:24:56;-53;-10.55, 0;0, 0;10.55
1674663896.723630812;2023-01-25 16:24:56;-53;-10.55, 0;0, 0;10.55
1674663896.809684256;2023-01-25 16:24:56;-64;-10.55, 0;0, 0;10.55
1674663897.977503126;2023-01-25 16:24:57;-49;-10.55, 0;0, 0;10.55
1674663898.037925274;2023-01-25 16:24:58;-53;-10.55, 0;0, 0;10.55
1674663899.633656606;2023-01-25 16:24:59;-54;-10.55, 0;0, 0;10.55
1674663900.301711606;2023-01-25 16:25:00;-53;-10.55, 0;0, 0;10.55
1674663900.390413161;2023-01-25 16:25:00;-52;-10.55, 0;0, 0;10.55
1674663901.387503679;2023-01-25 16:25:01;17;-10.55, 0;0, 0;10.55
1674663901.500005661;2023-01-25 16:25:01;-54;-10.55, 0;0, 0;10.55
1674663901.665641883;2023-01-25 16:25:01;-68;-10.55, 0;0, 0;10.55
1674663905.621477603;2023-01-25 16:25:05;-53;-10.55, 0;0, 0;10.55
1674663907.114094509;2023-01-25 16:25:07;-53;-10.55, 0;0, 0;10.55
1674663907.918945472;2023-01-25 16:25:07;-53;-10.55, 0;0, 0;10.55
1674663907.940068638;2023-01-25 16:25:07;-53;-10.55, 0;0, 0;10.55
1674663907.997561749;2023-01-25 16:25:07;-53;-10.55, 0;0, 0;10.55
1674663908.022271194;2023-01-25 16:25:08;-55;-10.55, 0;0, 0;10.55
1674663908.711285212;2023-01-25 16:25:08;-52;-10.55, 0;0, 0;10.55
1674663909.821268656;2023-01-25 16:25:09;-53;-10.55, 0;0, 0;10.55
1674663909.843380748;2023-01-25 16:25:09;-53;-10.55, 0;0, 0;10.55
1674663910.971296247;2023-01-25 16:25:10;-53;-10.55, 0;0, 0;10.55
1674663910.991155451;2023-01-25 16:25:10;-53;-10.55, 0;0, 0;10.55
1674663911.240064636;2023-01-25 16:25:11;-56;-10.55, 0;0, 0;10.55
1674663911.575143377;2023-01-25 16:25:11;-53;-10.55, 0;0, 0;10.55
1674663914.823087153;2023-01-25 16:25:14;-53;-10.55, 0;0, 0;10.55
1674663915.486395782;2023-01-25 16:25:15;-54;-10.55, 0;0, 0;10.55
1674663917.153965985;2023-01-25 16:25:17;-53;-10.55, 0;0, 0;10.55
1674663925.980307831;2023-01-25 16:25:25;17;-10.55, 0;0, 0;10.55
1674663926.022985109;2023-01-25 16:25:26;-55;-10.55, 0;0, 0;10.55
1674663926.046424313;2023-01-25 16:25:26;-53;-10.55, 0;0, 0;10.55
1674663926.066784257;2023-01-25 16:25:26;-52;-10.55, 0;0, 0;10.55
1674663926.090315424;2023-01-25 16:25:26;-53;-10.55, 0;0, 0;10.55
1674663926.110258127;2023-01-25 16:25:26;-54;-10.55, 0;0, 0;10.55
1674663926.133961924;2023-01-25 16:25:26;-56;-10.55, 0;0, 0;10.55
1674663926.155073312;2023-01-25 16:25:26;-57;-10.55, 0;0, 0;10.55
1674663926.177169461;2023-01-25 16:25:26;17;-10.55, 0;0, 0;10.55
1674663930.908653754;2023-01-25 16:25:30;-53;-10.55, 0;0, 0;10.55
1674663930.925992013;2023-01-25 16:25:30;-52;-10.55, 0;0, 0;10.55
1674663932.370388031;2023-01-25 16:25:32;-53;-10.55, 0;0, 0;10.55
1674663932.391406327;2023-01-25 16:25:32;-52;-10.55, 0;0, 0;10.55
1674663933.548866234;2023-01-25 16:25:33;-53;-10.55, 0;0, 0;10.55
1674663936.403932547;2023-01-25 16:25:36;-49;-10.55, 0;0, 0;10.55
1674663936.424499140;2023-01-25 16:25:36;-54;-10.55, 0;0, 0;10.55
1674663945.739283727;2023-01-25 16:25:45;-58;-10.55, 0;0, 0;10.55
1674663945.760256690;2023-01-25 16:25:45;-54;-10.55, 0;0, 0;10.55
1674663945.783014171;2023-01-25 16:25:45;-55;-10.55, 0;0, 0;10.55
1674663945.805154301;2023-01-25 16:25:45;-55;-10.55, 0;0, 0;10.55
1674663945.867998801;2023-01-25 16:25:45;-55;-10.55, 0;0, 0;10.55
1674663945.891409856;2023-01-25 16:25:45;17;-10.55, 0;0, 0;10.55
1674663945.936371634;2023-01-25 16:25:45;-57;-10.55, 0;0, 0;10.55
1674663946.315421263;2023-01-25 16:25:46;-52;-10.55, 0;0, 0;10.55
1674663951.145195446;2023-01-25 16:25:51;-53;-10.55, 0;0, 0;10.55
1674663951.188974705;2023-01-25 16:25:51;-56;-10.55, 0;0, 0;10.55
1674663951.252691983;2023-01-25 16:25:51;-64;-10.55, 0;0, 0;10.55
1674663952.409194797;2023-01-25 16:25:52;-53;-10.55, 0;0, 0;10.55
1674663953.312412889;2023-01-25 16:25:53;-53;-10.55, 0;0, 0;10.55
1674663953.811420055;2023-01-25 16:25:53;-54;-10.55, 0;0, 0;10.55
1674663953.831693833;2023-01-25 16:25:53;-74;-10.55, 0;0, 0;10.55
1674663954.494419981;2023-01-25 16:25:54;-54;-10.55, 0;0, 0;10.55
1674663954.719258295;2023-01-25 16:25:54;-54;-10.55, 0;0, 0;10.55
1674663954.738253166;2023-01-25 16:25:54;-55;-10.55, 0;0, 0;10.55
1674663956.044561202;2023-01-25 16:25:56;-52;-10.55, 0;0, 0;10.55
1674663959.814159570;2023-01-25 16:25:59;-53;-10.55, 0;0, 0;10.55
1674663960.053030163;2023-01-25 16:26:00;-53;-10.55, 0;0, 0;10.55
1674663961.649287217;2023-01-25 16:26:01;-53;-10.55, 0;0, 0;10.55
1674663962.417871124;2023-01-25 16:26:02;-54;-10.55, 0;0, 0;10.55
1674663962.463068920;2023-01-25 16:26:02;-55;-10.55, 0;0, 0;10.55
1674663962.486573402;2023-01-25 16:26:02;-64;-10.55, 0;0, 0;10.55
1674663964.231355975;2023-01-25 16:26:04;-42;-10.55, 0;0, 0;10.55
1674663979.287654577;2023-01-25 16:26:19;-54;-10.55, 0;0, 0;10.55
1674663979.307935781;2023-01-25 16:26:19;-54;-10.55, 0;0, 0;10.55
1674663979.351470392;2023-01-25 16:26:19;-56;-10.55, 0;0, 0;10.55
1674663979.375555966;2023-01-25 16:26:19;-65;-10.55, 0;0, 0;10.55
1674663983.123345593;2023-01-25 16:26:23;-54;-10.55, 0;0, 0;10.55
1674663983.173400741;2023-01-25 16:26:23;-53;-10.55, 0;0, 0;10.55
1674663994.709693012;2023-01-25 16:26:34;-51;-10.55, 0;0, 0;10.55
1674663994.753563420;2023-01-25 16:26:34;-51;-10.55, 0;0, 0;10.55
1674663994.791908068;2023-01-25 16:26:34;-51;-10.55, 0;0, 0;10.55
1674663994.818964697;2023-01-25 16:26:34;-54;-10.55, 0;0, 0;10.55
1674663994.842809475;2023-01-25 16:26:34;-54;-10.55, 0;0, 0;10.55
1674663994.893144512;2023-01-25 16:26:34;-56;-10.55, 0;0, 0;10.55
1674663998.259188381;2023-01-25 16:26:38;-53;-10.55, 0;0, 0;10.55
1674663999.333177028;2023-01-25 16:26:39;-53;-10.55, 0;0, 0;10.55
1674663999.989435194;2023-01-25 16:26:39;-55;-10.55, 0;0, 0;10.55
1674664000.008205546;2023-01-25 16:26:40;-55;-10.55, 0;0, 0;10.55
1674664000.033362768;2023-01-25 16:26:40;-63;-10.55, 0;0, 0;10.55
1674664000.052681231;2023-01-25 16:26:40;-63;-10.55, 0;0, 0;10.55
1674664001.162976842;2023-01-25 16:26:41;-53;-10.55, 0;0, 0;10.55
1674664001.653427564;2023-01-25 16:26:41;-53;-10.55, 0;0, 0;10.55
1674664001.672387397;2023-01-25 16:26:41;-54;-10.55, 0;0, 0;10.55
1674664002.342184860;2023-01-25 16:26:42;-53;-10.55, 0;0, 0;10.55
1674664002.362543026;2023-01-25 16:26:42;-53;-10.55, 0;0, 0;10.55
1674664002.800918359;2023-01-25 16:26:42;-53;-10.55, 0;0, 0;10.55
1674664002.819663433;2023-01-25 16:26:42;-53;-10.55, 0;0, 0;10.55
1674664003.880964044;2023-01-25 16:26:43;-54;-10.55, 0;0, 0;10.55
1674664013.343947501;2023-01-25 16:26:53;17;-10.55, 0;0, 0;10.55
1674664013.363383353;2023-01-25 16:26:53;17;-10.55, 0;0, 0;10.55
1674664018.201360184;2023-01-25 16:26:58;-52;-10.55, 0;0, 0;10.55
1674664018.221347350;2023-01-25 16:26:58;-52;-10.55, 0;0, 0;10.55
1674664019.684163497;2023-01-25 16:26:59;-53;-10.55, 0;0, 0;10.55
1674664020.011652349;2023-01-25 16:27:00;-53;-10.55, 0;0, 0;10.55
1674664020.454855071;2023-01-25 16:27:00;-55;-10.55, 0;0, 0;10.55
1674664020.475303867;2023-01-25 16:27:00;-53;-10.55, 0;0, 0;10.55
1674664020.833672275;2023-01-25 16:27:00;-53;-10.55, 0;0, 0;10.55
1674664020.853528552;2023-01-25 16:27:00;-53;-10.55, 0;0, 0;10.55
1674664022.023680959;2023-01-25 16:27:02;-55;-10.55, 0;0, 0;10.55
1674664022.357707848;2023-01-25 16:27:02;-53;-10.55, 0;0, 0;10.55
1674664022.425951940;2023-01-25 16:27:02;-62;-10.55, 0;0, 0;10.55
1674664023.113671625;2023-01-25 16:27:03;-58;-10.55, 0;0, 0;10.55
1674664023.133339570;2023-01-25 16:27:03;-59;-10.55, 0;0, 0;10.55
1674664023.424962810;2023-01-25 16:27:03;-56;-10.55, 0;0, 0;10.55
1674664023.816180588;2023-01-25 16:27:03;-53;-10.55, 0;0, 0;10.55
1674664027.955990178;2023-01-25 16:27:07;-53;-10.55, 0;0, 0;10.55
1674664027.974704604;2023-01-25 16:27:07;-53;-10.55, 0;0, 0;10.55
1674664029.373734177;2023-01-25 16:27:09;-54;-10.55, 0;0, 0;10.55
1674664029.392885232;2023-01-25 16:27:09;-54;-10.55, 0;0, 0;10.55
1674664029.581689955;2023-01-25 16:27:09;-52;-10.55, 0;0, 0;10.55
1674664029.602470547;2023-01-25 16:27:09;-52;-10.55, 0;0, 0;10.55
1674664030.297507417;2023-01-25 16:27:10;-53;-10.55, 0;0, 0;10.55
1674664030.392658676;2023-01-25 16:27:10;-55;-10.55, 0;0, 0;10.55
1674664030.413727380;2023-01-25 16:27:10;-52;-10.55, 0;0, 0;10.55
1674664031.241750602;2023-01-25 16:27:11;-52;-10.55, 0;0, 0;10.55
1674664031.262504028;2023-01-25 16:27:11;-51;-10.55, 0;0, 0;10.55
1674664031.981222138;2023-01-25 16:27:11;-54;-10.55, 0;0, 0;10.55
1674664032.000357138;2023-01-25 16:27:12;-53;-10.55, 0;0, 0;10.55
1674664032.977298545;2023-01-25 16:27:12;-53;-10.55, 0;0, 0;10.55
1674664032.996582156;2023-01-25 16:27:12;-54;-10.55, 0;0, 0;10.55
1674664039.200315727;2023-01-25 16:27:19;-54;-10.55, 0;0, 0;10.55
1674664039.216204912;2023-01-25 16:27:19;-53;-10.55, 0;0, 0;10.55
1674664039.236191615;2023-01-25 16:27:19;-53;-10.55, 0;0, 0;10.55
1674664043.556071039;2023-01-25 16:27:23;-56;-10.55, 0;0, 0;10.55
1674664048.358722036;2023-01-25 16:27:28;-54;-10.55, 0;0, 0;10.55
1674664048.379000295;2023-01-25 16:27:28;-52;-10.55, 0;0, 0;10.55
1674664048.398495036;2023-01-25 16:27:28;-52;-10.55, 0;0, 0;10.55
1674664048.671497499;2023-01-25 16:27:28;-52;-10.55, 0;0, 0;10.55
1674664058.995292418;2023-01-25 16:27:38;-54;-10.55, 0;0, 0;10.55
1674664059.014273807;2023-01-25 16:27:39;-53;-10.55, 0;0, 0;10.55
1674664066.567729210;2023-01-25 16:27:46;-53;-10.55, 0;0, 0;10.55
1674664066.587640747;2023-01-25 16:27:46;-53;-10.55, 0;0, 0;10.55
1674664067.696158154;2023-01-25 16:27:47;-54;-10.55, 0;0, 0;10.55
1674664067.716052747;2023-01-25 16:27:47;-52;-10.55, 0;0, 0;10.55
1674664068.025405821;2023-01-25 16:27:48;-53;-10.55, 0;0, 0;10.55
1674664068.666887283;2023-01-25 16:27:48;-55;-10.55, 0;0, 0;10.55
1674664068.902723987;2023-01-25 16:27:48;-52;-10.55, 0;0, 0;10.55
1674664068.924112487;2023-01-25 16:27:48;-53;-10.55, 0;0, 0;10.55
1674664071.032883078;2023-01-25 16:27:51;-63;-10.55, 0;0, 0;10.55
1674664071.175176874;2023-01-25 16:27:51;-51;-10.55, 0;0, 0;10.55
1674664071.194512930;2023-01-25 16:27:51;-52;-10.55, 0;0, 0;10.55
1674664071.218900689;2023-01-25 16:27:51;-50;-10.55, 0;0, 0;10.55
1674664071.239440189;2023-01-25 16:27:51;-50;-10.55, 0;0, 0;10.55
1674664071.264262837;2023-01-25 16:27:51;-51;-10.55, 0;0, 0;10.55
1674664072.288200281;2023-01-25 16:27:52;-57;-10.55, 0;0, 0;10.55
1674664072.320374836;2023-01-25 16:27:52;-57;-10.55, 0;0, 0;10.55
1674664076.814103112;2023-01-25 16:27:56;-58;-10.55, 0;0, 0;10.55
1674664076.833396204;2023-01-25 16:27:56;-56;-10.55, 0;0, 0;10.55
1674664076.857709019;2023-01-25 16:27:56;-59;-10.55, 0;0, 0;10.55
1674664079.555716443;2023-01-25 16:27:59;-51;-10.55, 0;0, 0;10.55
1674664079.833662573;2023-01-25 16:27:59;-53;-10.55, 0;0, 0;10.55
1674664080.773316554;2023-01-25 16:28:00;-53;-10.55, 0;0, 0;10.55
1674664081.005761757;2023-01-25 16:28:01;-54;-10.55, 0;0, 0;10.55
1674664081.024270257;2023-01-25 16:28:01;-60;-10.55, 0;0, 0;10.55
1674664081.278337609;2023-01-25 16:28:01;-53;-10.55, 0;0, 0;10.55
1674664081.297924720;2023-01-25 16:28:01;-53;-10.55, 0;0, 0;10.55
1674664082.223028460;2023-01-25 16:28:02;-51;-10.55, 0;0, 0;10.55
1674664116.175201903;2023-01-25 16:28:36;-61;-10.55, 0;0, 0;10.55
1674664116.585890569;2023-01-25 16:28:36;-55;-10.55, 0;0, 0;10.55
1674664116.605909162;2023-01-25 16:28:36;-55;-10.55, 0;0, 0;10.55
1674664120.025672827;2023-01-25 16:28:40;-56;-10.55, 0;0, 0;10.55
1674664120.070008401;2023-01-25 16:28:40;-64;-10.55, 0;0, 0;10.55
1674664120.580990974;2023-01-25 16:28:40;-52;-10.55, 0;0, 0;10.55
1674664120.602175697;2023-01-25 16:28:40;-51;-10.55, 0;0, 0;10.55
1674664121.852188159;2023-01-25 16:28:41;-52;-10.55, 0;0, 0;10.55
1674664122.768443973;2023-01-25 16:28:42;-53;-10.55, 0;0, 0;10.55
1674664122.787165436;2023-01-25 16:28:42;-53;-10.55, 0;0, 0;10.55
1674664123.657122750;2023-01-25 16:28:43;-53;-10.55, 0;0, 0;10.55
1674664123.678445732;2023-01-25 16:28:43;-51;-10.55, 0;0, 0;10.55
1674664123.743133435;2023-01-25 16:28:43;-53;-10.55, 0;0, 0;10.55
1674664123.760348713;2023-01-25 16:28:43;-52;-10.55, 0;0, 0;10.55
1674664124.763618064;2023-01-25 16:28:44;-53;-10.55, 0;0, 0;10.55
1674664124.784692935;2023-01-25 16:28:44;-52;-10.55, 0;0, 0;10.55
1674664125.190942286;2023-01-25 16:28:45;-56;-10.55, 0;0, 0;10.55
1674664125.211162009;2023-01-25 16:28:45;-57;-10.55, 0;0, 0;10.55
1674664125.260942601;2023-01-25 16:28:45;-52;-10.55, 0;0, 0;10.55
1674664125.281149694;2023-01-25 16:28:45;-109;-10.55, 0;0, 0;10.55
1674664125.754201231;2023-01-25 16:28:45;17;-10.55, 0;0, 0;10.55
1674664125.774229860;2023-01-25 16:28:45;-56;-10.55, 0;0, 0;10.55
1674664125.842957453;2023-01-25 16:28:45;-56;-10.55, 0;0, 0;10.55
1674664125.863237360;2023-01-25 16:28:45;-55;-10.55, 0;0, 0;10.55
1674664125.886691953;2023-01-25 16:28:45;17;-10.55, 0;0, 0;10.55
1674664125.906685601;2023-01-25 16:28:45;17;-10.55, 0;0, 0;10.55
1674664132.975675486;2023-01-25 16:28:52;-53;-10.55, 0;0, 0;10.55
1674664132.995702578;2023-01-25 16:28:52;-52;-10.55, 0;0, 0;10.55
1674664134.227328392;2023-01-25 16:28:54;-52;-10.55, 0;0, 0;10.55
1674664134.283855263;2023-01-25 16:28:54;-52;-10.55, 0;0, 0;10.55
1674664134.303391688;2023-01-25 16:28:54;-53;-10.55, 0;0, 0;10.55
1674664135.024818484;2023-01-25 16:28:55;-59;-10.55, 0;0, 0;10.55
1674664135.294821003;2023-01-25 16:28:55;-52;-10.55, 0;0, 0;10.55
1674664135.405131021;2023-01-25 16:28:55;-52;-10.55, 0;0, 0;10.55
1674664135.424380447;2023-01-25 16:28:55;-53;-10.55, 0;0, 0;10.55
1674664139.464825796;2023-01-25 16:28:59;-52;-10.55, 0;0, 0;10.55
1674664140.204800685;2023-01-25 16:29:00;-53;-10.55, 0;0, 0;10.55
1674664141.054907555;2023-01-25 16:29:01;-53;-10.55, 0;0, 0;10.55
1674664141.801241369;2023-01-25 16:29:01;-53;-10.55, 0;0, 0;10.55
1674664141.821010351;2023-01-25 16:29:01;-52;-10.55, 0;0, 0;10.55
1674664142.470911721;2023-01-25 16:29:02;-64;-10.55, 0;0, 0;10.55
1674664143.424907979;2023-01-25 16:29:03;-53;-10.55, 0;0, 0;10.55
1674664143.545357276;2023-01-25 16:29:03;-52;-10.55, 0;0, 0;10.55
1674664143.566132146;2023-01-25 16:29:03;-52;-10.55, 0;0, 0;10.55
1674664144.433648423;2023-01-25 16:29:04;-58;-10.55, 0;0, 0;10.55
1674664151.181879493;2023-01-25 16:29:11;-52;-10.55, 0;0, 0;10.55
1674664151.202985289;2023-01-25 16:29:11;-52;-10.55, 0;0, 0;10.55
1674664151.387447604;2023-01-25 16:29:11;-51;-10.55, 0;0, 0;10.55
1674664152.096227511;2023-01-25 16:29:12;-52;-10.55, 0;0, 0;10.55
1674664152.353448770;2023-01-25 16:29:12;-51;-10.55, 0;0, 0;10.55
1674664152.369645122;2023-01-25 16:29:12;-52;-10.55, 0;0, 0;10.55
1674664152.389840326;2023-01-25 16:29:12;-51;-10.55, 0;0, 0;10.55
1674664155.289004639;2023-01-25 16:29:15;-57;-10.55, 0;0, 0;10.55
1674664155.300110843;2023-01-25 16:29:15;-59;-10.55, 0;0, 0;10.55
1674664161.948537950;2023-01-25 16:29:21;-53;-10.55, 0;0, 0;10.55
1674664161.968675765;2023-01-25 16:29:21;-85;-10.55, 0;0, 0;10.55
1674664162.003524690;2023-01-25 16:29:22;-52;-10.55, 0;0, 0;10.55
1674664164.151847745;2023-01-25 16:29:24;-53;-10.55, 0;0, 0;10.55
1674664164.172944819;2023-01-25 16:29:24;-59;-10.55, 0;0, 0;10.55
1674664165.296326040;2023-01-25 16:29:25;-57;-10.55, 0;0, 0;10.55
1674664165.407871281;2023-01-25 16:29:25;-57;-10.55, 0;0, 0;10.55
1674664165.426685207;2023-01-25 16:29:25;-53;-10.55, 0;0, 0;10.55
1674664165.447232892;2023-01-25 16:29:25;-53;-10.55, 0;0, 0;10.55
1674664170.319459334;2023-01-25 16:29:30;-49;-10.55, 0;0, 0;10.55
1674664170.340324037;2023-01-25 16:29:30;-53;-10.55, 0;0, 0;10.55
1674664170.359291815;2023-01-25 16:29:30;-52;-10.55, 0;0, 0;10.55
1674664170.584165833;2023-01-25 16:29:30;-52;-10.55, 0;0, 0;10.55
1674664170.606914000;2023-01-25 16:29:30;-56;-10.55, 0;0, 0;10.55
1674664170.670327815;2023-01-25 16:29:30;-64;-10.55, 0;0, 0;10.55
1674664171.176459370;2023-01-25 16:29:31;-53;-10.55, 0;0, 0;10.55
1674664171.196690074;2023-01-25 16:29:31;-53;-10.55, 0;0, 0;10.55
1674664171.779352166;2023-01-25 16:29:31;-53;-10.55, 0;0, 0;10.55
1674664172.364064406;2023-01-25 16:29:32;-64;-10.55, 0;0, 0;10.55
1674664172.384231740;2023-01-25 16:29:32;-51;-10.55, 0;0, 0;10.55
1674664172.752680295;2023-01-25 16:29:32;-52;-10.55, 0;0, 0;10.55
1674664172.772078499;2023-01-25 16:29:32;-52;-10.55, 0;0, 0;10.55
1674664173.247547239;2023-01-25 16:29:33;-52;-10.55, 0;0, 0;10.55
1674664173.608259072;2023-01-25 16:29:33;-54;-10.55, 0;0, 0;10.55
1674664174.363874590;2023-01-25 16:29:34;17;-10.55, 0;0, 0;10.55
1674664174.663742090;2023-01-25 16:29:34;-57;-10.55, 0;0, 0;10.55
1674664174.707666035;2023-01-25 16:29:34;-54;-10.55, 0;0, 0;10.55
1674664174.752467053;2023-01-25 16:29:34;-52;-10.55, 0;0, 0;10.55
1674664174.816250090;2023-01-25 16:29:34;-51;-10.55, 0;0, 0;10.55
1674664174.859364146;2023-01-25 16:29:34;-57;-10.55, 0;0, 0;10.55
1674664178.238818218;2023-01-25 16:29:38;-52;-10.55, 0;0, 0;10.55
1674664179.360896754;2023-01-25 16:29:39;-53;-10.55, 0;0, 0;10.55
1674664179.675267902;2023-01-25 16:29:39;-52;-10.55, 0;0, 0;10.55
1674664180.030044124;2023-01-25 16:29:40;-53;-10.55, 0;0, 0;10.55
1674664180.118783809;2023-01-25 16:29:40;-63;-10.55, 0;0, 0;10.55
1674664180.138119143;2023-01-25 16:29:40;-63;-10.55, 0;0, 0;10.55
1674664180.752810716;2023-01-25 16:29:40;-53;-10.55, 0;0, 0;10.55
1674664180.772332142;2023-01-25 16:29:40;-53;-10.55, 0;0, 0;10.55
1674664181.731968401;2023-01-25 16:29:41;-52;-10.55, 0;0, 0;10.55
1674664181.751927568;2023-01-25 16:29:41;-52;-10.55, 0;0, 0;10.55
1674664182.042953438;2023-01-25 16:29:42;-51;-10.55, 0;0, 0;10.55
1674664182.865655659;2023-01-25 16:29:42;-53;-10.55, 0;0, 0;10.55
1674664183.235808122;2023-01-25 16:29:43;-52;-10.55, 0;0, 0;10.55
1674664184.534060584;2023-01-25 16:29:44;-60;-10.55, 0;0, 0;10.55
1674664188.302832082;2023-01-25 16:29:48;-48;-10.55, 0;0, 0;10.55
1674664188.322039804;2023-01-25 16:29:48;-53;-10.55, 0;0, 0;10.55
1674664188.842893341;2023-01-25 16:29:48;-53;-10.55, 0;0, 0;10.55
1674664190.114399729;2023-01-25 16:29:50;-52;-10.55, 0;0, 0;10.55
1674664190.143054674;2023-01-25 16:29:50;-52;-10.55, 0;0, 0;10.55
1674664190.487738118;2023-01-25 16:29:50;-53;-10.55, 0;0, 0;10.55
1674664191.111627006;2023-01-25 16:29:51;-54;-10.55, 0;0, 0;10.55
1674664191.206564340;2023-01-25 16:29:51;-53;-10.55, 0;0, 0;10.55
1674664191.269509914;2023-01-25 16:29:51;-55;-10.55, 0;0, 0;10.55
1674664191.295196858;2023-01-25 16:29:51;-63;-10.55, 0;0, 0;10.55
1674664194.586728264;2023-01-25 16:29:54;-54;-10.55, 0;0, 0;10.55
1674664194.607068578;2023-01-25 16:29:54;-61;-10.55, 0;0, 0;10.55
1674664198.332936947;2023-01-25 16:29:58;-54;-10.55, 0;0, 0;10.55
1674664198.677938687;2023-01-25 16:29:58;-51;-10.55, 0;0, 0;10.55
1674664200.256816982;2023-01-25 16:30:00;-52;-10.55, 0;0, 0;10.55
1674664200.540482538;2023-01-25 16:30:00;-52;-10.55, 0;0, 0;10.55
1674664200.563005630;2023-01-25 16:30:00;-52;-10.55, 0;0, 0;10.55
1674664201.020399130;2023-01-25 16:30:01;-53;-10.55, 0;0, 0;10.55
1674664201.404272723;2023-01-25 16:30:01;-54;-10.55, 0;0, 0;10.55
1674664201.424146037;2023-01-25 16:30:01;-53;-10.55, 0;0, 0;10.55
1674664202.441599148;2023-01-25 16:30:02;-52;-10.55, 0;0, 0;10.55
1674664202.487012296;2023-01-25 16:30:02;-55;-10.55, 0;0, 0;10.55
1674664202.548333926;2023-01-25 16:30:02;-63;-10.55, 0;0, 0;10.55
1674664203.208141481;2023-01-25 16:30:03;-53;-10.55, 0;0, 0;10.55
1674664203.226887684;2023-01-25 16:30:03;-52;-10.55, 0;0, 0;10.55
1674664204.291809017;2023-01-25 16:30:04;-52;-10.55, 0;0, 0;10.55
1674664204.546797776;2023-01-25 16:30:04;-58;-10.55, 0;0, 0;10.55
1674664210.026861588;2023-01-25 16:30:10;-52;-10.55, 0;0, 0;10.55
1674664218.338886731;2023-01-25 16:30:18;-53;-10.55, 0;0, 0;10.55
1674664222.397421617;2023-01-25 16:30:22;-53;-10.55, 0;0, 0;10.55
1674664222.484097191;2023-01-25 16:30:22;-54;-10.55, 0;0, 0;10.55
1674664222.504246562;2023-01-25 16:30:22;-53;-10.55, 0;0, 0;10.55
1674664226.900856189;2023-01-25 16:30:26;-52;-10.55, 0;0, 0;10.55
1674664226.921459152;2023-01-25 16:30:26;-52;-10.55, 0;0, 0;10.55
1674664228.070855225;2023-01-25 16:30:28;-53;-10.55, 0;0, 0;10.55
1674664228.120915003;2023-01-25 16:30:28;-52;-10.55, 0;0, 0;10.55
1674664228.141166244;2023-01-25 16:30:28;-52;-10.55, 0;0, 0;10.55
1674664233.012981352;2023-01-25 16:30:33;-60;-10.55, 0;0, 0;10.55
1674664236.635464331;2023-01-25 16:30:36;-48;-10.55, 0;0, 0;10.55
1674664236.759621164;2023-01-25 16:30:36;-53;-10.55, 0;0, 0;10.55
1674664236.779135516;2023-01-25 16:30:36;-53;-10.55, 0;0, 0;10.55
1674664237.862185627;2023-01-25 16:30:37;-53;-10.55, 0;0, 0;10.55
1674664237.974071997;2023-01-25 16:30:37;-52;-10.55, 0;0, 0;10.55
1674664239.020860422;2023-01-25 16:30:39;-53;-10.55, 0;0, 0;10.55
1674664239.040181996;2023-01-25 16:30:39;-53;-10.55, 0;0, 0;10.55
1674664239.983733403;2023-01-25 16:30:39;-53;-10.55, 0;0, 0;10.55
1674664240.008172496;2023-01-25 16:30:40;-55;-10.55, 0;0, 0;10.55
1674664240.053146459;2023-01-25 16:30:40;-63;-10.55, 0;0, 0;10.55
1674664241.183345606;2023-01-25 16:30:41;-53;-10.55, 0;0, 0;10.55
1674664241.393203236;2023-01-25 16:30:41;-53;-10.55, 0;0, 0;10.55
1674664241.415426643;2023-01-25 16:30:41;-52;-10.55, 0;0, 0;10.55
1674664243.232029864;2023-01-25 16:30:43;-55;-10.55, 0;0, 0;10.55
1674664247.090893806;2023-01-25 16:30:47;-53;-10.55, 0;0, 0;10.55
1674664251.143917304;2023-01-25 16:30:51;-52;-10.55, 0;0, 0;10.55
1674664251.188000915;2023-01-25 16:30:51;-55;-10.55, 0;0, 0;10.55
1674664251.207973656;2023-01-25 16:30:51;-55;-10.55, 0;0, 0;10.55
1674664251.231747100;2023-01-25 16:30:51;-63;-10.55, 0;0, 0;10.55
1674664251.251687730;2023-01-25 16:30:51;-63;-10.55, 0;0, 0;10.55
1674664251.271715285;2023-01-25 16:30:51;-62;-10.55, 0;0, 0;10.55
1674664251.709352674;2023-01-25 16:30:51;-60;-10.55, 0;0, 0;10.55
1674664256.345256486;2023-01-25 16:30:56;-53;-10.55, 0;0, 0;10.55
1674664256.431886208;2023-01-25 16:30:56;-52;-10.55, 0;0, 0;10.55
1674664256.788341282;2023-01-25 16:30:56;-53;-10.55, 0;0, 0;10.55
1674664256.878364523;2023-01-25 16:30:56;-63;-10.55, 0;0, 0;10.55
1674664258.085578337;2023-01-25 16:30:58;-53;-10.55, 0;0, 0;10.55
1674664258.396133911;2023-01-25 16:30:58;-53;-10.55, 0;0, 0;10.55
1674664259.813584077;2023-01-25 16:30:59;-53;-10.55, 0;0, 0;10.55
1674664260.051086651;2023-01-25 16:31:00;-53;-10.55, 0;0, 0;10.55
1674664260.071066762;2023-01-25 16:31:00;-53;-10.55, 0;0, 0;10.55
1674664261.597494890;2023-01-25 16:31:01;-52;-10.55, 0;0, 0;10.55
1674664261.986149723;2023-01-25 16:31:01;-60;-10.55, 0;0, 0;10.55
1674664262.006484686;2023-01-25 16:31:02;17;-10.55, 0;0, 0;10.55
1674664267.913639220;2023-01-25 16:31:07;-52;-10.55, 0;0, 0;10.55
1674664267.918718701;2023-01-25 16:31:07;-52;-10.55, 0;0, 0;10.55
1674664267.938789775;2023-01-25 16:31:07;-52;-10.55, 0;0, 0;10.55
1674664267.940125998;2023-01-25 16:31:07;-52;-10.55, 0;0, 0;10.55
1674664268.018294405;2023-01-25 16:31:08;-51;-10.55, 0;0, 0;10.55
1674664268.041230146;2023-01-25 16:31:08;-53;-10.55, 0;0, 0;10.55
1674664268.104367868;2023-01-25 16:31:08;-63;-10.55, 0;0, 0;10.55
1674664268.124719164;2023-01-25 16:31:08;-63;-10.55, 0;0, 0;10.55
1674664272.291015254;2023-01-25 16:31:12;-53;-10.55, 0;0, 0;10.55
1674664272.383672606;2023-01-25 16:31:12;-56;-10.55, 0;0, 0;10.55
1674664275.520990382;2023-01-25 16:31:15;-53;-10.55, 0;0, 0;10.55
1674664280.494779324;2023-01-25 16:31:20;-53;-10.55, 0;0, 0;10.55
1674664280.514844268;2023-01-25 16:31:20;-53;-10.55, 0;0, 0;10.55
1674664280.813719842;2023-01-25 16:31:20;-60;-10.55, 0;0, 0;10.55
1674664280.832947212;2023-01-25 16:31:20;-59;-10.55, 0;0, 0;10.55
1674664280.946054027;2023-01-25 16:31:20;-56;-10.55, 0;0, 0;10.55
1674664281.299822564;2023-01-25 16:31:21;-54;-10.55, 0;0, 0;10.55
1674664281.319837416;2023-01-25 16:31:21;-54;-10.55, 0;0, 0;10.55
1674664284.973517173;2023-01-25 16:31:24;-63;-10.55, 0;0, 0;10.55
1674664284.994458839;2023-01-25 16:31:24;-63;-10.55, 0;0, 0;10.55
1674664290.046563577;2023-01-25 16:31:30;-53;-10.55, 0;0, 0;10.55
1674664290.237678595;2023-01-25 16:31:30;-72;-10.55, 0;0, 0;10.55
1674664290.581552688;2023-01-25 16:31:30;-53;-10.55, 0;0, 0;10.55
1674664290.647439169;2023-01-25 16:31:30;-62;-10.55, 0;0, 0;10.55
1674664290.666788114;2023-01-25 16:31:30;-62;-10.55, 0;0, 0;10.55
1674664291.645340224;2023-01-25 16:31:31;-53;-10.55, 0;0, 0;10.55
1674664292.141992242;2023-01-25 16:31:32;-53;-10.55, 0;0, 0;10.55
1674664292.827614983;2023-01-25 16:31:32;-53;-10.55, 0;0, 0;10.55
1674664294.373754241;2023-01-25 16:31:34;-53;-10.55, 0;0, 0;10.55
1674664294.459286574;2023-01-25 16:31:34;-61;-10.55, 0;0, 0;10.55
1674664295.104337352;2023-01-25 16:31:35;-55;-10.55, 0;0, 0;10.55
1674664299.556273053;2023-01-25 16:31:39;-53;-10.55, 0;0, 0;10.55
