Timestamp;Date ISO;POTENZA_dBm
1679667211.849776978;2023-03-24 14:13:31;-55
1679667212.171361830;2023-03-24 14:13:32;-53
1679667212.190711904;2023-03-24 14:13:32;-53
1679667217.775202290;2023-03-24 14:13:37;-56
1679667219.975855177;2023-03-24 14:13:39;-54
1679667220.195617344;2023-03-24 14:13:40;-55
1679667220.218788807;2023-03-24 14:13:40;-56
1679667220.262656492;2023-03-24 14:13:40;-61
1679667220.282001233;2023-03-24 14:13:40;-61
1679667224.135782545;2023-03-24 14:13:44;-56
1679667224.155737304;2023-03-24 14:13:44;-57
1679667227.371476747;2023-03-24 14:13:47;-55
1679667227.847535654;2023-03-24 14:13:47;-57
1679667228.217525839;2023-03-24 14:13:48;-57
1679667228.240226728;2023-03-24 14:13:48;-57
1679667228.652813524;2023-03-24 14:13:48;-57
1679667229.057897098;2023-03-24 14:13:49;-57
1679667229.431324172;2023-03-24 14:13:49;-57
1679667230.272767838;2023-03-24 14:13:50;-54
1679667230.684548578;2023-03-24 14:13:50;-55
1679667231.066860985;2023-03-24 14:13:51;-56
1679667231.085260226;2023-03-24 14:13:51;-55
1679667231.405064078;2023-03-24 14:13:51;-56
1679667231.424382059;2023-03-24 14:13:51;-55
1679667231.448829485;2023-03-24 14:13:51;-57
1679667231.510625874;2023-03-24 14:13:51;-61
1679667232.545315707;2023-03-24 14:13:52;-58
1679667232.565568633;2023-03-24 14:13:52;-58
1679667233.627777151;2023-03-24 14:13:53;-54
1679667250.799527011;2023-03-24 14:14:10;-53
1679667250.892245863;2023-03-24 14:14:10;-53
1679667260.392568690;2023-03-24 14:14:20;-57
1679667260.414781968;2023-03-24 14:14:20;-57
1679667260.532837579;2023-03-24 14:14:20;-62
1679667261.122532486;2023-03-24 14:14:21;-57
1679667261.198076393;2023-03-24 14:14:21;-54
1679667262.638596985;2023-03-24 14:14:22;-52
1679667262.657859170;2023-03-24 14:14:22;-52
1679667265.824338631;2023-03-24 14:14:25;-57
1679667265.952499705;2023-03-24 14:14:25;-54
1679667266.095439353;2023-03-24 14:14:26;-58
1679667266.139132761;2023-03-24 14:14:26;-62
1679667266.158640002;2023-03-24 14:14:26;-62
1679667266.721885075;2023-03-24 14:14:26;-57
1679667266.741795649;2023-03-24 14:14:26;-54
1679667267.534580593;2023-03-24 14:14:27;-55
1679667267.554139316;2023-03-24 14:14:27;-57
1679667267.741460278;2023-03-24 14:14:27;-54
1679667268.339391741;2023-03-24 14:14:28;-57
1679667268.561204130;2023-03-24 14:14:28;-57
1679667269.020376518;2023-03-24 14:14:29;-59
1679667269.039761111;2023-03-24 14:14:29;-59
1679667269.064147463;2023-03-24 14:14:29;-56
1679667269.127211407;2023-03-24 14:14:29;-62
1679667270.100720925;2023-03-24 14:14:30;-57
1679667270.189401221;2023-03-24 14:14:30;-55
1679667270.209532962;2023-03-24 14:14:30;-54
1679667285.861015434;2023-03-24 14:14:45;-58
1679667285.886069990;2023-03-24 14:14:45;-57
1679667285.929316934;2023-03-24 14:14:45;-62
1679667286.941306211;2023-03-24 14:14:46;-57
1679667286.962134989;2023-03-24 14:14:46;-57
1679667287.904547340;2023-03-24 14:14:47;-57
1679667288.642240247;2023-03-24 14:14:48;-57
1679667289.404643543;2023-03-24 14:14:49;-57
1679667289.510872321;2023-03-24 14:14:49;-55
1679667290.182565006;2023-03-24 14:14:50;-57
1679667291.295905375;2023-03-24 14:14:51;-58
1679667291.315703690;2023-03-24 14:14:51;-59
1679667291.905618431;2023-03-24 14:14:51;-56
1679667291.924974079;2023-03-24 14:14:51;-57
1679667300.935023555;2023-03-24 14:15:00;-54
1679667300.955774629;2023-03-24 14:15:00;-59
1679667301.055807870;2023-03-24 14:15:01;-59
1679667306.015063830;2023-03-24 14:15:06;-59
1679667306.035538144;2023-03-24 14:15:06;-59
1679667309.863259309;2023-03-24 14:15:09;-62
1679667309.867947457;2023-03-24 14:15:09;-62
1679667309.887888420;2023-03-24 14:15:09;-59
1679667309.908846513;2023-03-24 14:15:09;-59
1679667309.984176087;2023-03-24 14:15:09;-59
1679667310.004304494;2023-03-24 14:15:10;-59
1679667311.466682475;2023-03-24 14:15:11;-56
1679667317.961301600;2023-03-24 14:15:17;-57
1679667317.982124934;2023-03-24 14:15:17;-55
1679667324.573774745;2023-03-24 14:15:24;-57
1679667325.127188966;2023-03-24 14:15:25;-62
1679667325.146561133;2023-03-24 14:15:25;-62
1679667325.170939800;2023-03-24 14:15:25;-57
1679667325.190275522;2023-03-24 14:15:25;-57
1679667325.302149448;2023-03-24 14:15:25;-55
1679667325.390924244;2023-03-24 14:15:25;-59
1679667325.410253263;2023-03-24 14:15:25;-59
1679667325.846176892;2023-03-24 14:15:25;-56
1679667325.867490373;2023-03-24 14:15:25;-56
1679667331.584274851;2023-03-24 14:15:31;-57
1679667331.707628388;2023-03-24 14:15:31;-57
1679667331.727055018;2023-03-24 14:15:31;-55
1679667339.921321013;2023-03-24 14:15:39;-57
1679667340.192958735;2023-03-24 14:15:40;-54
1679667340.212528809;2023-03-24 14:15:40;-54
1679667340.237273383;2023-03-24 14:15:40;-57
1679667340.256614013;2023-03-24 14:15:40;-57
1679667343.354137030;2023-03-24 14:15:43;-55
1679667343.664832770;2023-03-24 14:15:43;-55
1679667344.391381399;2023-03-24 14:15:44;-57
1679667344.411913103;2023-03-24 14:15:44;-58
1679667344.584067770;2023-03-24 14:15:44;-61
1679667344.691024399;2023-03-24 14:15:44;-59
1679667344.830100177;2023-03-24 14:15:44;-55
1679667344.849939862;2023-03-24 14:15:44;-54
1679667345.756364621;2023-03-24 14:15:45;-56
1679667345.776676158;2023-03-24 14:15:45;-56
1679667349.515359267;2023-03-24 14:15:49;-56
1679667350.252688600;2023-03-24 14:15:50;-57
1679667351.018076266;2023-03-24 14:15:51;-59
1679667352.612884969;2023-03-24 14:15:52;-57
1679667353.697695005;2023-03-24 14:15:53;-57
1679667359.051503909;2023-03-24 14:15:59;-57
1679667359.161531705;2023-03-24 14:15:59;-55
1679667392.855034371;2023-03-24 14:16:32;-77
1679667393.768062592;2023-03-24 14:16:33;-54
1679667394.018112351;2023-03-24 14:16:34;-59
1679667394.038137722;2023-03-24 14:16:34;-59
1679667398.213722201;2023-03-24 14:16:38;-57
1679667399.112849959;2023-03-24 14:16:39;-57
1679667399.327446830;2023-03-24 14:16:39;-55
1679667399.348118404;2023-03-24 14:16:39;-55
1679667403.449411160;2023-03-24 14:16:43;-54
1679667403.811893142;2023-03-24 14:16:43;-51
1679667407.784815676;2023-03-24 14:16:47;-55
1679667407.980856936;2023-03-24 14:16:47;-55
1679667408.002225917;2023-03-24 14:16:48;-55
1679667409.221991287;2023-03-24 14:16:49;-57
1679667409.466185916;2023-03-24 14:16:49;-57
1679667409.486246287;2023-03-24 14:16:49;-57
1679667410.706969749;2023-03-24 14:16:50;-57
1679667410.924492119;2023-03-24 14:16:50;-55
1679667411.404282952;2023-03-24 14:16:51;-57
1679667411.426814711;2023-03-24 14:16:51;-59
1679667411.470522063;2023-03-24 14:16:51;-62
1679667411.489884156;2023-03-24 14:16:51;-62
1679667414.000821562;2023-03-24 14:16:54;-57
1679667414.023417969;2023-03-24 14:16:54;-57
1679667417.647976022;2023-03-24 14:16:57;-57
1679667418.881545485;2023-03-24 14:16:58;-57
1679667430.436261552;2023-03-24 14:17:10;-57
1679667430.456801330;2023-03-24 14:17:10;-57
1679667432.954810476;2023-03-24 14:17:12;-52
1679667437.011413455;2023-03-24 14:17:17;-59
1679667437.032483344;2023-03-24 14:17:17;-57
1679667449.053792633;2023-03-24 14:17:29;-56
1679667449.077082707;2023-03-24 14:17:29;-57
1679667449.120862855;2023-03-24 14:17:29;-62
1679667449.822436411;2023-03-24 14:17:29;-58
1679667449.889924762;2023-03-24 14:17:29;-57
1679667450.813637317;2023-03-24 14:17:30;-57
1679667450.833613910;2023-03-24 14:17:30;-57
1679667451.010302984;2023-03-24 14:17:31;-55
1679667451.388161521;2023-03-24 14:17:31;-59
1679667452.746142279;2023-03-24 14:17:32;-52
1679667452.765437779;2023-03-24 14:17:32;-52
1679667452.926145446;2023-03-24 14:17:32;-56
1679667456.532708944;2023-03-24 14:17:36;-57
1679667456.693005407;2023-03-24 14:17:36;-54
1679667457.704399258;2023-03-24 14:17:37;-57
1679667457.862708332;2023-03-24 14:17:37;-57
1679667457.883678887;2023-03-24 14:17:37;-55
1679667459.011455646;2023-03-24 14:17:39;-59
1679667459.030988738;2023-03-24 14:17:39;-60
1679667459.149982720;2023-03-24 14:17:39;-57
1679667460.184984664;2023-03-24 14:17:40;-58
1679667460.242705238;2023-03-24 14:17:40;-55
1679667460.286136293;2023-03-24 14:17:40;-57
1679667460.329703145;2023-03-24 14:17:40;-62
1679667460.349049386;2023-03-24 14:17:40;-62
1679667465.642681160;2023-03-24 14:17:45;-57
1679667465.844769068;2023-03-24 14:17:45;-55
1679667465.889811771;2023-03-24 14:17:45;-58
1679667465.909144957;2023-03-24 14:17:45;-58
1679667465.954321345;2023-03-24 14:17:45;-62
1679667467.576286289;2023-03-24 14:17:47;-57
1679667467.681466215;2023-03-24 14:17:47;-56
1679667467.703795270;2023-03-24 14:17:47;-56
1679667468.572703455;2023-03-24 14:17:48;-57
1679667469.305090325;2023-03-24 14:17:49;-57
1679667471.060974602;2023-03-24 14:17:51;-53
1679667471.733952398;2023-03-24 14:17:51;-58
1679667471.822353360;2023-03-24 14:17:51;-53
1679667471.841674786;2023-03-24 14:17:51;-53
1679667471.866096194;2023-03-24 14:17:51;-51
1679667471.885414546;2023-03-24 14:17:51;-50
1679667471.909834934;2023-03-24 14:17:51;-51
1679667471.974209768;2023-03-24 14:17:51;-52
1679667471.998570397;2023-03-24 14:17:51;-55
1679667475.182647618;2023-03-24 14:17:55;-55
1679667475.822631395;2023-03-24 14:17:55;-58
1679667475.842651969;2023-03-24 14:17:55;-57
1679667475.983883080;2023-03-24 14:17:55;-71
1679667476.675359839;2023-03-24 14:17:56;-57
1679667476.791502320;2023-03-24 14:17:56;-57
1679667477.582628894;2023-03-24 14:17:57;-57
1679667477.602613042;2023-03-24 14:17:57;-57
1679667477.853006412;2023-03-24 14:17:57;-55
1679667478.144248283;2023-03-24 14:17:58;-58
1679667478.169935727;2023-03-24 14:17:58;-62
1679667478.189267431;2023-03-24 14:17:58;-62
1679667478.895159060;2023-03-24 14:17:58;-57
1679667478.914618745;2023-03-24 14:17:58;-58
1679667479.765147152;2023-03-24 14:17:59;-57
1679667479.795319393;2023-03-24 14:17:59;-57
1679667479.871457615;2023-03-24 14:17:59;-55
1679667480.845133725;2023-03-24 14:18:00;-54
1679667480.865150337;2023-03-24 14:18:00;-54
1679667481.955687299;2023-03-24 14:18:01;-52
1679667482.056822317;2023-03-24 14:18:02;-57
1679667509.993388430;2023-03-24 14:18:29;-55
1679667511.512634448;2023-03-24 14:18:31;-57
1679667511.812634003;2023-03-24 14:18:31;-57
1679667513.311833206;2023-03-24 14:18:33;-57
1679667513.644800891;2023-03-24 14:18:33;-57
1679667514.292630650;2023-03-24 14:18:34;-57
1679667514.650223724;2023-03-24 14:18:34;-57
1679667514.675225816;2023-03-24 14:18:34;-57
1679667514.694568409;2023-03-24 14:18:34;-57
1679667514.718984928;2023-03-24 14:18:34;-62
1679667514.738310946;2023-03-24 14:18:34;-62
1679667515.420278983;2023-03-24 14:18:35;-55
1679667515.726763760;2023-03-24 14:18:35;-59
1679667515.746510816;2023-03-24 14:18:35;-58
1679667520.221553258;2023-03-24 14:18:40;-57
1679667520.264055239;2023-03-24 14:18:40;-58
1679667520.311779387;2023-03-24 14:18:40;-62
1679667520.984584294;2023-03-24 14:18:40;-58
1679667522.383579960;2023-03-24 14:18:42;-57
1679667523.562642478;2023-03-24 14:18:43;-57
1679667524.198625126;2023-03-24 14:18:44;-57
1679667524.218250570;2023-03-24 14:18:44;-54
1679667525.070588292;2023-03-24 14:18:45;-53
1679667525.089749199;2023-03-24 14:18:45;-54
1679667525.609353736;2023-03-24 14:18:45;-58
1679667526.250354698;2023-03-24 14:18:46;-56
1679667529.404372234;2023-03-24 14:18:49;-57
1679667529.935651678;2023-03-24 14:18:49;-57
1679667529.955965307;2023-03-24 14:18:49;-57
1679667530.232145863;2023-03-24 14:18:50;-57
1679667531.455418862;2023-03-24 14:18:51;-57
1679667531.518512862;2023-03-24 14:18:51;-62
1679667532.131723139;2023-03-24 14:18:52;-57
1679667532.609561861;2023-03-24 14:18:52;-56
1679667533.234437805;2023-03-24 14:18:53;-57
1679667533.464381102;2023-03-24 14:18:53;-56
1679667535.665755341;2023-03-24 14:18:55;-51
1679667535.685978582;2023-03-24 14:18:55;-51
1679667536.128173396;2023-03-24 14:18:56;-56
1679667539.314452080;2023-03-24 14:18:59;-57
1679667539.811558709;2023-03-24 14:18:59;-57
1679667540.254473727;2023-03-24 14:19:00;-57
1679667541.045754116;2023-03-24 14:19:01;-57
1679667541.442582060;2023-03-24 14:19:01;-57
1679667541.852711004;2023-03-24 14:19:01;-57
1679667542.277014578;2023-03-24 14:19:02;-57
1679667542.669829003;2023-03-24 14:19:02;-57
1679667543.067348355;2023-03-24 14:19:03;-57
1679667543.686740651;2023-03-24 14:19:03;-57
1679667543.728629632;2023-03-24 14:19:03;-57
1679667543.752984169;2023-03-24 14:19:03;-67
1679667544.556128465;2023-03-24 14:19:04;-54
1679667545.583302576;2023-03-24 14:19:05;-57
1679667548.512079685;2023-03-24 14:19:08;-54
1679667549.213341259;2023-03-24 14:19:09;-56
1679667549.232708703;2023-03-24 14:19:09;-57
1679667549.278151074;2023-03-24 14:19:09;-54
1679667549.321850055;2023-03-24 14:19:09;-58
1679667549.365876740;2023-03-24 14:19:09;-61
1679667550.049599555;2023-03-24 14:19:10;-59
1679667550.113273888;2023-03-24 14:19:10;-57
1679667551.123623610;2023-03-24 14:19:11;-60
1679667551.831626702;2023-03-24 14:19:11;-57
1679667552.580736646;2023-03-24 14:19:12;-57
1679667553.303951479;2023-03-24 14:19:13;-57
1679667554.364398182;2023-03-24 14:19:14;-53
1679667558.899977086;2023-03-24 14:19:18;-57
1679667559.032618420;2023-03-24 14:19:19;-55
1679667559.697418623;2023-03-24 14:19:19;-56
1679667559.876187604;2023-03-24 14:19:19;-57
1679667559.895759827;2023-03-24 14:19:19;-57
1679667560.828549993;2023-03-24 14:19:20;-57
1679667560.849634474;2023-03-24 14:19:20;-57
1679667560.982604418;2023-03-24 14:19:20;-55
1679667561.003524585;2023-03-24 14:19:21;-55
1679667561.500687381;2023-03-24 14:19:21;-56
1679667561.566893381;2023-03-24 14:19:21;-61
1679667562.623426140;2023-03-24 14:19:22;-57
1679667563.543416898;2023-03-24 14:19:23;-58
1679667563.763476065;2023-03-24 14:19:23;-59
1679667564.488455046;2023-03-24 14:19:24;-59
1679667564.507820620;2023-03-24 14:19:24;17
1679667564.768428972;2023-03-24 14:19:24;-56
1679667564.787884435;2023-03-24 14:19:24;-51
1679667568.399889451;2023-03-24 14:19:28;-57
1679667568.582279007;2023-03-24 14:19:28;-57
1679667569.080829877;2023-03-24 14:19:29;-57
1679667570.193701783;2023-03-24 14:19:30;-57
1679667570.214747283;2023-03-24 14:19:30;-57
1679667570.485877228;2023-03-24 14:19:30;-55
1679667570.507220172;2023-03-24 14:19:30;-54
1679667571.329803209;2023-03-24 14:19:31;-57
1679667571.632670338;2023-03-24 14:19:31;-56
1679667571.652242616;2023-03-24 14:19:31;-55
1679667572.469761875;2023-03-24 14:19:32;-57
1679667572.489041967;2023-03-24 14:19:32;-57
1679667572.775328911;2023-03-24 14:19:32;-55
1679667573.972277688;2023-03-24 14:19:33;-54
1679667574.359761448;2023-03-24 14:19:34;-51
1679667574.379439725;2023-03-24 14:19:34;-51
1679667580.285880296;2023-03-24 14:19:40;-58
1679667580.329599981;2023-03-24 14:19:40;-62
1679667580.349027092;2023-03-24 14:19:40;-62
1679667581.308576073;2023-03-24 14:19:41;-57
1679667581.329825629;2023-03-24 14:19:41;-57
1679667581.712907110;2023-03-24 14:19:41;-55
1679667581.733526351;2023-03-24 14:19:41;-54
1679667582.712388331;2023-03-24 14:19:42;-57
1679667582.992353257;2023-03-24 14:19:42;-61
1679667583.106160590;2023-03-24 14:19:43;-59
1679667583.126317127;2023-03-24 14:19:43;-59
1679667583.364876109;2023-03-24 14:19:43;17
1679667583.383614053;2023-03-24 14:19:43;17
1679667587.688196903;2023-03-24 14:19:47;-57
1679667588.516269069;2023-03-24 14:19:48;-57
1679667588.536659754;2023-03-24 14:19:48;-57
1679667589.332746494;2023-03-24 14:19:49;-57
1679667589.471362401;2023-03-24 14:19:49;-57
1679667589.492418587;2023-03-24 14:19:49;-57
1679667590.131680068;2023-03-24 14:19:50;-57
1679667590.975311401;2023-03-24 14:19:50;-60
1679667591.213699437;2023-03-24 14:19:51;-57
1679667591.233528937;2023-03-24 14:19:51;-56
1679667591.504746141;2023-03-24 14:19:51;-57
1679667591.526061159;2023-03-24 14:19:51;-59
1679667591.545376289;2023-03-24 14:19:51;-57
1679667591.569698456;2023-03-24 14:19:51;-62
1679667592.213774289;2023-03-24 14:19:52;-57
1679667592.235031696;2023-03-24 14:19:52;-57
1679667593.598730380;2023-03-24 14:19:53;-54
1679667593.618335732;2023-03-24 14:19:53;-54
1679667593.859174621;2023-03-24 14:19:53;-57
1679667593.878532936;2023-03-24 14:19:53;-56
1679667597.991605026;2023-03-24 14:19:57;-58
1679667599.514186784;2023-03-24 14:19:59;-57
1679667599.533230007;2023-03-24 14:19:59;-54
1679667599.705065247;2023-03-24 14:19:59;-56
1679667600.332728969;2023-03-24 14:20:00;-57
1679667600.490098747;2023-03-24 14:20:00;-54
1679667600.509734284;2023-03-24 14:20:00;-55
1679667601.290264265;2023-03-24 14:20:01;-54
1679667602.779825671;2023-03-24 14:20:02;-62
1679667602.824886338;2023-03-24 14:20:02;-56
1679667602.957298430;2023-03-24 14:20:02;-55
1679667603.045043690;2023-03-24 14:20:03;-58
1679667603.391690541;2023-03-24 14:20:03;-56
1679667603.410941338;2023-03-24 14:20:03;-56
1679667607.232991669;2023-03-24 14:20:07;-54
1679667607.255019280;2023-03-24 14:20:07;-55
1679667607.923884687;2023-03-24 14:20:07;-57
1679667608.066852020;2023-03-24 14:20:08;-56
1679667608.377409890;2023-03-24 14:20:08;-57
1679667608.443636501;2023-03-24 14:20:08;-62
1679667609.593758223;2023-03-24 14:20:09;-57
1679667609.881948519;2023-03-24 14:20:09;-75
1679667609.901246741;2023-03-24 14:20:09;-57
1679667610.491666259;2023-03-24 14:20:10;-57
1679667610.692718518;2023-03-24 14:20:10;-57
1679667611.313973611;2023-03-24 14:20:11;-57
1679667611.505602222;2023-03-24 14:20:11;-54
1679667612.151820314;2023-03-24 14:20:12;-62
1679667612.172695610;2023-03-24 14:20:12;-62
1679667612.442050351;2023-03-24 14:20:12;17
1679667612.545160443;2023-03-24 14:20:12;-56
1679667613.492661924;2023-03-24 14:20:13;-52
1679667613.512021202;2023-03-24 14:20:13;-52
1679667613.617026257;2023-03-24 14:20:13;-57
1679667613.636716276;2023-03-24 14:20:13;-57
1679667617.728700570;2023-03-24 14:20:17;-57
1679667617.746457236;2023-03-24 14:20:17;-55
1679667619.126390699;2023-03-24 14:20:19;-57
1679667620.387830642;2023-03-24 14:20:20;-57
1679667637.249192799;2023-03-24 14:20:37;-57
1679667637.269990688;2023-03-24 14:20:37;-54
1679667645.847747794;2023-03-24 14:20:45;-56
1679667645.911793757;2023-03-24 14:20:45;-57
1679667645.936477942;2023-03-24 14:20:45;-62
1679667645.959315738;2023-03-24 14:20:45;-62
1679667646.973735608;2023-03-24 14:20:46;-57
1679667647.105636460;2023-03-24 14:20:47;-57
1679667647.127608682;2023-03-24 14:20:47;-55
1679667647.991761255;2023-03-24 14:20:47;-59
1679667648.750556199;2023-03-24 14:20:48;-57
1679667649.503128792;2023-03-24 14:20:49;-56
1679667650.213715717;2023-03-24 14:20:50;-57
1679667651.196704328;2023-03-24 14:20:51;-59
1679667651.607790179;2023-03-24 14:20:51;-73
1679667651.627145568;2023-03-24 14:20:51;-60
1679667651.652799957;2023-03-24 14:20:51;-59
1679667651.760918290;2023-03-24 14:20:51;-52
1679667651.785374550;2023-03-24 14:20:51;-53
1679667651.830254161;2023-03-24 14:20:51;-58
1679667651.874079494;2023-03-24 14:20:51;17
1679667655.731692029;2023-03-24 14:20:55;-57
1679667655.753035529;2023-03-24 14:20:55;-56
1679667655.878059751;2023-03-24 14:20:55;-55
1679667656.563499213;2023-03-24 14:20:56;-57
1679667656.705919639;2023-03-24 14:20:56;-54
1679667657.110308028;2023-03-24 14:20:57;-57
1679667657.131594732;2023-03-24 14:20:57;-58
1679667657.195945657;2023-03-24 14:20:57;-62
1679667658.225460416;2023-03-24 14:20:58;-57
1679667658.513078083;2023-03-24 14:20:58;-57
1679667659.186746656;2023-03-24 14:20:59;-57
1679667659.373090434;2023-03-24 14:20:59;-55
1679667662.016877895;2023-03-24 14:21:02;-57
1679667666.671221874;2023-03-24 14:21:06;-57
1679667667.414338966;2023-03-24 14:21:07;-57
1679667668.143202355;2023-03-24 14:21:08;-57
1679667668.199471892;2023-03-24 14:21:08;-57
1679667668.312974077;2023-03-24 14:21:08;-54
1679667669.933167131;2023-03-24 14:21:09;-57
1679667670.185838298;2023-03-24 14:21:10;-58
1679667671.120102779;2023-03-24 14:21:11;-54
1679667671.246439797;2023-03-24 14:21:11;17
1679667671.407021149;2023-03-24 14:21:11;-56
1679667671.496949241;2023-03-24 14:21:11;-51
1679667675.043275332;2023-03-24 14:21:15;-57
1679667675.062555702;2023-03-24 14:21:15;-57
1679667675.119353554;2023-03-24 14:21:15;-54
1679667692.244775840;2023-03-24 14:21:32;-54
1679667703.902912593;2023-03-24 14:21:43;-57
1679667704.457377222;2023-03-24 14:21:44;-59
1679667704.812849777;2023-03-24 14:21:44;-53
1679667704.831950907;2023-03-24 14:21:44;-55
1679667705.227317370;2023-03-24 14:21:45;-58
1679667708.908558145;2023-03-24 14:21:48;-57
1679667710.169980978;2023-03-24 14:21:50;-57
1679667710.568581589;2023-03-24 14:21:50;-58
1679667710.588131940;2023-03-24 14:21:50;-57
1679667710.983875366;2023-03-24 14:21:50;-57
1679667711.382844995;2023-03-24 14:21:51;-57
1679667711.793594088;2023-03-24 14:21:51;-57
1679667711.812886366;2023-03-24 14:21:51;-57
1679667712.208665828;2023-03-24 14:21:52;-57
1679667712.448393939;2023-03-24 14:21:52;-57
1679667712.471119439;2023-03-24 14:21:52;-57
1679667712.514687736;2023-03-24 14:21:52;-62
1679667712.534046902;2023-03-24 14:21:52;-62
1679667713.501802402;2023-03-24 14:21:53;-57
1679667713.523640198;2023-03-24 14:21:53;-57
1679667714.024909920;2023-03-24 14:21:54;-62
1679667714.320650771;2023-03-24 14:21:54;-55
1679667714.753406697;2023-03-24 14:21:54;-54
1679667715.459864197;2023-03-24 14:21:55;-52
1679667715.482557863;2023-03-24 14:21:55;-52
1679667718.705914843;2023-03-24 14:21:58;-56
1679667719.834933990;2023-03-24 14:21:59;-57
1679667719.854713768;2023-03-24 14:21:59;-57
1679667720.094816620;2023-03-24 14:22:00;-54
1679667720.131188694;2023-03-24 14:22:00;-56
1679667721.302501027;2023-03-24 14:22:01;-57
1679667722.150112137;2023-03-24 14:22:02;-58
1679667722.334111970;2023-03-24 14:22:02;-54
1679667722.882533896;2023-03-24 14:22:02;-57
1679667723.082188785;2023-03-24 14:22:03;-54
1679667723.678499099;2023-03-24 14:22:03;-57
1679667723.766007544;2023-03-24 14:22:03;-56
1679667723.785304229;2023-03-24 14:22:03;-58
1679667723.809733673;2023-03-24 14:22:03;-55
1679667723.854718766;2023-03-24 14:22:03;-59
1679667723.874233414;2023-03-24 14:22:03;-60
1679667724.757514358;2023-03-24 14:22:04;17
1679667724.777683376;2023-03-24 14:22:04;-59
1679667725.137495413;2023-03-24 14:22:05;-50
1679667725.157893672;2023-03-24 14:22:05;-50
1679667725.454985246;2023-03-24 14:22:05;-56
1679667728.403130337;2023-03-24 14:22:08;-57
1679667728.424154948;2023-03-24 14:22:08;-57
1679667728.895360633;2023-03-24 14:22:08;-57
1679667729.231782022;2023-03-24 14:22:09;-57
1679667729.394111985;2023-03-24 14:22:09;-62
1679667730.031911318;2023-03-24 14:22:10;-57
1679667730.053810707;2023-03-24 14:22:10;-57
1679667730.541645743;2023-03-24 14:22:10;-57
1679667730.563789558;2023-03-24 14:22:10;-54
1679667731.152597836;2023-03-24 14:22:11;-71
1679667731.171896558;2023-03-24 14:22:11;-57
1679667731.427132095;2023-03-24 14:22:11;-54
1679667731.452692206;2023-03-24 14:22:11;-54
1679667731.906558428;2023-03-24 14:22:11;-56
1679667732.262877890;2023-03-24 14:22:12;-57
1679667732.700081279;2023-03-24 14:22:12;-57
1679667733.092758501;2023-03-24 14:22:13;-57
1679667733.507546649;2023-03-24 14:22:13;-58
1679667733.526344019;2023-03-24 14:22:13;-58
1679667733.775862445;2023-03-24 14:22:13;-60
1679667734.173868926;2023-03-24 14:22:14;-54
1679667734.193591611;2023-03-24 14:22:14;-54
1679667734.460159259;2023-03-24 14:22:14;-56
1679667734.480259389;2023-03-24 14:22:14;-52
1679667734.865086741;2023-03-24 14:22:14;-57
1679667734.884577315;2023-03-24 14:22:14;-57
1679667737.913847461;2023-03-24 14:22:17;-56
1679667737.933808887;2023-03-24 14:22:17;-57
1679667738.300473183;2023-03-24 14:22:18;-57
1679667739.541764719;2023-03-24 14:22:19;-57
1679667739.561745293;2023-03-24 14:22:19;-75
1679667739.952626812;2023-03-24 14:22:19;-56
1679667740.351650552;2023-03-24 14:22:20;-57
1679667740.597423811;2023-03-24 14:22:20;-56
1679667740.667452052;2023-03-24 14:22:20;-62
1679667741.707681292;2023-03-24 14:22:21;-57
1679667741.727925718;2023-03-24 14:22:21;-57
1679667742.752014884;2023-03-24 14:22:22;-57
1679667743.014506773;2023-03-24 14:22:23;-56
1679667743.040389328;2023-03-24 14:22:23;-55
1679667743.407680328;2023-03-24 14:22:23;17
1679667744.060200828;2023-03-24 14:22:24;-58
1679667744.338917494;2023-03-24 14:22:24;-50
1679667744.359058254;2023-03-24 14:22:24;-51
1679667744.491479457;2023-03-24 14:22:24;-51
1679667744.511929920;2023-03-24 14:22:24;-52
1679667749.062518640;2023-03-24 14:22:29;-55
1679667749.106177251;2023-03-24 14:22:29;-56
1679667749.149983177;2023-03-24 14:22:29;-62
1679667750.471797787;2023-03-24 14:22:30;-57
1679667750.492728361;2023-03-24 14:22:30;-57
1679667751.076510287;2023-03-24 14:22:31;-57
1679667751.095268453;2023-03-24 14:22:31;-57
1679667752.265275286;2023-03-24 14:22:32;-73
1679667752.825610934;2023-03-24 14:22:32;-57
1679667753.795927822;2023-03-24 14:22:33;-59
1679667754.167780285;2023-03-24 14:22:34;-50
1679667758.067639801;2023-03-24 14:22:38;-58
1679667758.737811097;2023-03-24 14:22:38;-57
1679667759.314059282;2023-03-24 14:22:39;-57
1679667759.863278911;2023-03-24 14:22:39;-57
1679667760.274024522;2023-03-24 14:22:40;-57
1679667760.297704503;2023-03-24 14:22:40;-56
1679667760.361355411;2023-03-24 14:22:40;-62
1679667760.910311799;2023-03-24 14:22:40;-55
1679667760.930840355;2023-03-24 14:22:40;-57
1679667762.368904058;2023-03-24 14:22:42;-56
1679667763.911947297;2023-03-24 14:22:43;-57
1679667763.932841927;2023-03-24 14:22:43;-56
1679667767.222914407;2023-03-24 14:22:47;-85
1679667767.245368481;2023-03-24 14:22:47;-57
1679667767.982464147;2023-03-24 14:22:47;-57
1679667768.154181517;2023-03-24 14:22:48;-57
1679667768.810036720;2023-03-24 14:22:48;-57
1679667768.967682943;2023-03-24 14:22:48;-57
1679667768.996627869;2023-03-24 14:22:48;-56
1679667769.645540831;2023-03-24 14:22:49;-57
1679667769.802973387;2023-03-24 14:22:49;-55
1679667769.825501831;2023-03-24 14:22:49;-56
1679667770.451825757;2023-03-24 14:22:50;-56
1679667770.613017423;2023-03-24 14:22:50;-55
1679667771.448213867;2023-03-24 14:22:51;-74
1679667771.528104052;2023-03-24 14:22:51;-57
1679667771.553933423;2023-03-24 14:22:51;-57
1679667771.597735034;2023-03-24 14:22:51;-84
1679667772.242967385;2023-03-24 14:22:52;-62
1679667773.731703551;2023-03-24 14:22:53;-51
1679667773.754167236;2023-03-24 14:22:53;-56
1679667776.810473012;2023-03-24 14:22:56;-57
1679667776.832936956;2023-03-24 14:22:56;-56
1679667776.961861475;2023-03-24 14:22:56;-55
1679667776.982959271;2023-03-24 14:22:56;-55
1679667777.164118327;2023-03-24 14:22:57;-57
1679667777.205845215;2023-03-24 14:22:57;-57
1679667777.229012678;2023-03-24 14:22:57;-62
1679667778.977228029;2023-03-24 14:22:58;-57
1679667778.999565585;2023-03-24 14:22:58;-57
1679667779.119470140;2023-03-24 14:22:59;-57
1679667779.875537769;2023-03-24 14:22:59;-54
1679667779.895152399;2023-03-24 14:22:59;-55
1679667780.640506176;2023-03-24 14:23:00;-57
1679667781.333189583;2023-03-24 14:23:01;-56
1679667781.386847991;2023-03-24 14:23:01;-57
1679667782.103035472;2023-03-24 14:23:02;-62
1679667782.379179231;2023-03-24 14:23:02;-54
1679667782.969258545;2023-03-24 14:23:02;17
1679667783.012967842;2023-03-24 14:23:03;-53
1679667783.056519693;2023-03-24 14:23:03;-51
1679667783.075850193;2023-03-24 14:23:03;-53
1679667783.100296545;2023-03-24 14:23:03;-53
1679667783.145267693;2023-03-24 14:23:03;-52
1679667783.232784101;2023-03-24 14:23:03;-57
1679667783.252237842;2023-03-24 14:23:03;-57
1679667783.404224230;2023-03-24 14:23:03;-50
1679667787.233571043;2023-03-24 14:23:07;-57
1679667787.361882913;2023-03-24 14:23:07;-55
1679667788.195597635;2023-03-24 14:23:08;-56
1679667788.376623468;2023-03-24 14:23:08;-57
1679667788.440830375;2023-03-24 14:23:08;-57
1679667788.464066264;2023-03-24 14:23:08;-62
1679667789.907996375;2023-03-24 14:23:09;-57
1679667789.930051634;2023-03-24 14:23:09;-57
1679667790.992802448;2023-03-24 14:23:10;-59
1679667791.082019855;2023-03-24 14:23:11;-57
1679667791.805663207;2023-03-24 14:23:11;-57
1679667791.824984281;2023-03-24 14:23:11;-57
1679667791.858465188;2023-03-24 14:23:11;-55
1679667793.058795650;2023-03-24 14:23:13;-51
1679667793.078050206;2023-03-24 14:23:13;-57
1679667796.716894500;2023-03-24 14:23:16;-57
1679667796.736677000;2023-03-24 14:23:16;-55
1679667796.874414389;2023-03-24 14:23:16;-55
1679667796.898364074;2023-03-24 14:23:16;-55
1679667797.674442037;2023-03-24 14:23:17;-54
1679667798.363414333;2023-03-24 14:23:18;-57
1679667798.502394795;2023-03-24 14:23:18;-57
1679667799.181958536;2023-03-24 14:23:19;-58
1679667799.203497573;2023-03-24 14:23:19;-57
1679667799.303586758;2023-03-24 14:23:19;-55
1679667799.629237850;2023-03-24 14:23:19;-58
1679667799.672971054;2023-03-24 14:23:19;-62
1679667800.972427812;2023-03-24 14:23:20;-56
1679667801.077825423;2023-03-24 14:23:21;-54
1679667802.068696404;2023-03-24 14:23:22;17
1679667802.336259034;2023-03-24 14:23:22;-56
1679667806.855139142;2023-03-24 14:23:26;-57
1679667807.664619086;2023-03-24 14:23:27;-57
1679667807.792003919;2023-03-24 14:23:27;-55
1679667808.466820530;2023-03-24 14:23:28;-57
1679667808.489239271;2023-03-24 14:23:28;-57
1679667808.623301604;2023-03-24 14:23:28;-55
1679667809.165597289;2023-03-24 14:23:29;-62
1679667810.894913547;2023-03-24 14:23:30;-57
1679667811.050898325;2023-03-24 14:23:31;-58
1679667811.289526714;2023-03-24 14:23:31;-59
1679667811.438022195;2023-03-24 14:23:31;-54
1679667816.622867062;2023-03-24 14:23:36;-57
1679667816.732849266;2023-03-24 14:23:36;-55
1679667817.907102821;2023-03-24 14:23:37;-57
1679667817.927229358;2023-03-24 14:23:37;-57
1679667817.974594636;2023-03-24 14:23:37;-54
1679667817.995006987;2023-03-24 14:23:37;-54
1679667819.062133265;2023-03-24 14:23:39;-59
1679667820.133108431;2023-03-24 14:23:40;-59
1679667820.154709375;2023-03-24 14:23:40;-59
1679667820.361902468;2023-03-24 14:23:40;-71
1679667820.381222356;2023-03-24 14:23:40;-62
1679667825.230936335;2023-03-24 14:23:45;-55
1679667825.909932779;2023-03-24 14:23:45;-57
1679667825.934808057;2023-03-24 14:23:45;-58
1679667825.979610686;2023-03-24 14:23:45;-61
1679667826.593469760;2023-03-24 14:23:46;-57
1679667826.767525797;2023-03-24 14:23:46;-57
1679667826.788470704;2023-03-24 14:23:46;-55
1679667827.751049389;2023-03-24 14:23:47;-55
1679667827.924396185;2023-03-24 14:23:47;-57
1679667828.750804203;2023-03-24 14:23:48;-57
1679667829.523805388;2023-03-24 14:23:49;-57
1679667830.214730406;2023-03-24 14:23:50;-57
1679667830.622694073;2023-03-24 14:23:50;-59
1679667830.641407424;2023-03-24 14:23:50;-59
1679667831.315971054;2023-03-24 14:23:51;-54
1679667831.461023165;2023-03-24 14:23:51;-59
1679667831.480748387;2023-03-24 14:23:51;-58
1679667831.937038924;2023-03-24 14:23:51;-56
1679667831.959527998;2023-03-24 14:23:51;-51
1679667831.978840887;2023-03-24 14:23:51;-57
1679667832.002037979;2023-03-24 14:23:52;-51
1679667832.021309942;2023-03-24 14:23:52;-51
1679667832.045720887;2023-03-24 14:23:52;-50
1679667835.413701051;2023-03-24 14:23:55;-57
1679667835.434043292;2023-03-24 14:23:55;-57
1679667835.827309792;2023-03-24 14:23:55;-56
1679667837.021924791;2023-03-24 14:23:57;-57
1679667837.043536217;2023-03-24 14:23:57;-57
1679667837.213344254;2023-03-24 14:23:57;-62
1679667838.813596123;2023-03-24 14:23:58;-57
1679667838.837253864;2023-03-24 14:23:58;-57
1679667840.608791567;2023-03-24 14:24:00;-55
1679667845.476097601;2023-03-24 14:24:05;-57
1679667845.495746175;2023-03-24 14:24:05;-57
1679667846.845493748;2023-03-24 14:24:06;-57
1679667847.227414266;2023-03-24 14:24:07;-57
1679667847.633722729;2023-03-24 14:24:07;-57
1679667848.032410358;2023-03-24 14:24:08;-57
1679667848.052565710;2023-03-24 14:24:08;-57
1679667849.846318968;2023-03-24 14:24:09;-57
1679667850.191909135;2023-03-24 14:24:10;-59
1679667855.542460484;2023-03-24 14:24:15;-70
1679667855.763741354;2023-03-24 14:24:15;-57
1679667857.193781316;2023-03-24 14:24:17;-58
1679667857.451478038;2023-03-24 14:24:17;-57
1679667859.621042055;2023-03-24 14:24:19;-57
1679667859.640371092;2023-03-24 14:24:19;-57
1679667859.685453074;2023-03-24 14:24:19;-55
1679667859.711077351;2023-03-24 14:24:19;-55
1679667859.754815685;2023-03-24 14:24:19;-55
1679667859.842339018;2023-03-24 14:24:19;17
1679667860.368197314;2023-03-24 14:24:20;-54
1679667860.390034944;2023-03-24 14:24:20;-54
1679667864.452934626;2023-03-24 14:24:24;-56
1679667864.475051645;2023-03-24 14:24:24;-53
1679667864.880052015;2023-03-24 14:24:24;-57
1679667865.247294256;2023-03-24 14:24:25;-61
1679667865.266630182;2023-03-24 14:24:25;-62
1679667865.473624681;2023-03-24 14:24:25;-59
1679667865.962525700;2023-03-24 14:24:25;-55
1679667865.981613477;2023-03-24 14:24:25;-59
1679667870.194417290;2023-03-24 14:24:30;-55
1679667870.872599882;2023-03-24 14:24:30;-56
1679667870.892740530;2023-03-24 14:24:30;-55
1679667871.343117826;2023-03-24 14:24:31;-57
1679667872.180695955;2023-03-24 14:24:32;-57
1679667872.897511955;2023-03-24 14:24:32;-57
1679667872.918886881;2023-03-24 14:24:32;-56
1679667874.073909417;2023-03-24 14:24:34;-56
1679667874.093628010;2023-03-24 14:24:34;-57
1679667874.637676750;2023-03-24 14:24:34;-57
1679667874.658013880;2023-03-24 14:24:34;-57
1679667874.738696380;2023-03-24 14:24:34;-58
1679667874.782407083;2023-03-24 14:24:34;-62
1679667875.901397731;2023-03-24 14:24:35;-51
1679667875.921752138;2023-03-24 14:24:35;-51
1679667879.332959710;2023-03-24 14:24:39;-56
1679667879.835197821;2023-03-24 14:24:39;-56
1679667880.297570376;2023-03-24 14:24:40;-57
1679667880.363752339;2023-03-24 14:24:40;-62
1679667880.383077135;2023-03-24 14:24:40;-62
1679667881.032183691;2023-03-24 14:24:41;-57
1679667881.741945024;2023-03-24 14:24:41;-57
1679667882.524001245;2023-03-24 14:24:42;-57
1679667882.543302727;2023-03-24 14:24:42;-57
1679667883.134148356;2023-03-24 14:24:43;-57
1679667883.733963337;2023-03-24 14:24:43;-71
1679667884.371587689;2023-03-24 14:24:44;-57
1679667884.716486688;2023-03-24 14:24:44;-59
1679667884.736698633;2023-03-24 14:24:44;-59
1679667885.493144984;2023-03-24 14:24:45;17
1679667885.783694095;2023-03-24 14:24:45;-51
1679667889.633049630;2023-03-24 14:24:49;-56
1679667889.779068204;2023-03-24 14:24:49;-57
1679667889.802064334;2023-03-24 14:24:49;-57
1679667890.583487241;2023-03-24 14:24:50;-57
1679667891.264101388;2023-03-24 14:24:51;-57
1679667891.284075944;2023-03-24 14:24:51;-56
1679667891.400450740;2023-03-24 14:24:51;-54
1679667891.508859333;2023-03-24 14:24:51;-55
1679667891.578848073;2023-03-24 14:24:51;-62
1679667891.598177295;2023-03-24 14:24:51;-62
1679667892.192061851;2023-03-24 14:24:52;-56
1679667893.105370165;2023-03-24 14:24:53;-57
1679667893.316312906;2023-03-24 14:24:53;-57
1679667893.334611257;2023-03-24 14:24:53;-54
1679667893.870706164;2023-03-24 14:24:53;-57
1679667893.890249294;2023-03-24 14:24:53;-57
1679667895.008919553;2023-03-24 14:24:55;-53
1679667895.337984441;2023-03-24 14:24:55;17
1679667895.356995960;2023-03-24 14:24:55;-58
1679667895.596590682;2023-03-24 14:24:55;-51
1679667895.616244663;2023-03-24 14:24:55;-51
1679667899.252017921;2023-03-24 14:24:59;-57
1679667900.225407920;2023-03-24 14:25:00;-54
1679667900.244283957;2023-03-24 14:25:00;-54
1679667900.904176808;2023-03-24 14:25:00;-57
1679667901.710425493;2023-03-24 14:25:01;-57
1679667901.862020363;2023-03-24 14:25:01;-57
1679667901.888310919;2023-03-24 14:25:01;-57
1679667902.671997307;2023-03-24 14:25:02;-57
1679667902.790900215;2023-03-24 14:25:02;-57
1679667902.815205715;2023-03-24 14:25:02;-62
1679667903.674795770;2023-03-24 14:25:03;-57
1679667905.227968917;2023-03-24 14:25:05;-51
1679667905.440961621;2023-03-24 14:25:05;-57
1679667905.460282824;2023-03-24 14:25:05;-56
1679667908.455830100;2023-03-24 14:25:08;-62
1679667909.092501618;2023-03-24 14:25:09;-57
1679667909.892963396;2023-03-24 14:25:09;-55
1679667910.193016951;2023-03-24 14:25:10;-54
1679667910.833047117;2023-03-24 14:25:10;-57
1679667910.854225895;2023-03-24 14:25:10;-54
1679667911.106770747;2023-03-24 14:25:11;-55
1679667911.130627284;2023-03-24 14:25:11;-55
1679667912.396981061;2023-03-24 14:25:12;-57
1679667912.655931116;2023-03-24 14:25:12;-57
1679667914.336739949;2023-03-24 14:25:14;-53
1679667914.356194337;2023-03-24 14:25:14;-53
1679667914.585722671;2023-03-24 14:25:14;-59
1679667914.714111615;2023-03-24 14:25:14;-56
1679667914.732454022;2023-03-24 14:25:14;-56
1679667918.904040168;2023-03-24 14:25:18;-57
1679667918.925545872;2023-03-24 14:25:18;-57
1679667919.073899890;2023-03-24 14:25:19;-55
1679667919.908224390;2023-03-24 14:25:19;-57
1679667920.555375834;2023-03-24 14:25:20;-57
1679667920.597831389;2023-03-24 14:25:20;-58
1679667920.617162482;2023-03-24 14:25:20;-59
1679667920.660989111;2023-03-24 14:25:20;-61
1679667921.283112000;2023-03-24 14:25:21;-58
1679667923.064651592;2023-03-24 14:25:23;-57
1679667923.285773091;2023-03-24 14:25:23;-54
1679667924.331889924;2023-03-24 14:25:24;-59
1679667924.631842942;2023-03-24 14:25:24;-56
1679667925.082255701;2023-03-24 14:25:25;-57
1679667937.677899416;2023-03-24 14:25:37;-57
1679667937.698828231;2023-03-24 14:25:37;-57
1679667943.185674820;2023-03-24 14:25:43;-53
1679667947.692358169;2023-03-24 14:25:47;-56
1679667947.713335910;2023-03-24 14:25:47;-57
1679667948.569963947;2023-03-24 14:25:48;-57
1679667948.828412928;2023-03-24 14:25:48;-56
1679667949.465077724;2023-03-24 14:25:49;-57
1679667949.618073261;2023-03-24 14:25:49;-55
1679667950.273362001;2023-03-24 14:25:50;-57
1679667950.450588927;2023-03-24 14:25:50;-54
1679667951.114650112;2023-03-24 14:25:51;-57
1679667951.257748038;2023-03-24 14:25:51;-53
1679667951.290990390;2023-03-24 14:25:51;-54
1679667951.933410056;2023-03-24 14:25:51;-57
1679667951.952746185;2023-03-24 14:25:51;-57
1679667952.105870908;2023-03-24 14:25:52;-57
1679667952.459783722;2023-03-24 14:25:52;-57
1679667952.505657092;2023-03-24 14:25:52;-56
1679667952.595695667;2023-03-24 14:25:52;-55
1679667952.639439444;2023-03-24 14:25:52;-59
1679667952.703163685;2023-03-24 14:25:52;-59
1679667953.155961240;2023-03-24 14:25:53;-54
1679667953.175569240;2023-03-24 14:25:53;-53
1679667957.193453867;2023-03-24 14:25:57;-57
1679667957.611099423;2023-03-24 14:25:57;-57
1679667958.016448997;2023-03-24 14:25:58;-57
1679667958.072033460;2023-03-24 14:25:58;-57
1679667958.094672922;2023-03-24 14:25:58;-54
1679667958.115769256;2023-03-24 14:25:58;-59
1679667958.802565070;2023-03-24 14:25:58;-57
1679667959.336768700;2023-03-24 14:25:59;-57
1679667959.947281718;2023-03-24 14:25:59;-57
1679667960.334720273;2023-03-24 14:26:00;-57
1679667960.786255884;2023-03-24 14:26:00;-56
1679667961.169735384;2023-03-24 14:26:01;-57
1679667961.190177772;2023-03-24 14:26:01;-55
1679667961.639168161;2023-03-24 14:26:01;-56
1679667961.995175587;2023-03-24 14:26:01;-58
1679667962.444752438;2023-03-24 14:26:02;-62
1679667962.465289235;2023-03-24 14:26:02;-62
1679667962.718135735;2023-03-24 14:26:02;-55
1679667963.420541753;2023-03-24 14:26:03;-50
1679667966.860905473;2023-03-24 14:26:06;-57
1679667967.488867102;2023-03-24 14:26:07;-57
1679667969.198603268;2023-03-24 14:26:09;-56
1679667969.565177379;2023-03-24 14:26:09;-57
1679667969.586061675;2023-03-24 14:26:09;-57
1679667969.993823971;2023-03-24 14:26:09;-57
1679667970.318362267;2023-03-24 14:26:10;-57
1679667970.381423248;2023-03-24 14:26:10;-57
1679667970.405852730;2023-03-24 14:26:10;-62
1679667970.425251711;2023-03-24 14:26:10;-62
1679667971.844781155;2023-03-24 14:26:11;-57
1679667971.866047544;2023-03-24 14:26:11;-55
1679667972.474887766;2023-03-24 14:26:12;-54
1679667972.494584988;2023-03-24 14:26:12;-54
1679667973.199946876;2023-03-24 14:26:13;-52
1679667973.462377154;2023-03-24 14:26:13;-56
1679667976.722664837;2023-03-24 14:26:16;-57
1679667977.493690855;2023-03-24 14:26:17;-58
1679667978.433667096;2023-03-24 14:26:18;-57
1679667978.453751429;2023-03-24 14:26:18;-57
1679667978.810771781;2023-03-24 14:26:18;-57
1679667979.241141299;2023-03-24 14:26:19;-57
1679667979.261523151;2023-03-24 14:26:19;-57
1679667979.655174947;2023-03-24 14:26:19;-76
1679667980.073980298;2023-03-24 14:26:20;-57
1679667980.506168150;2023-03-24 14:26:20;-56
1679667980.906157594;2023-03-24 14:26:20;-57
1679667981.620964094;2023-03-24 14:26:21;-55
1679667981.664687501;2023-03-24 14:26:21;-60
1679667983.372831926;2023-03-24 14:26:23;-56
1679667983.392116704;2023-03-24 14:26:23;-56
1679667986.867580368;2023-03-24 14:26:26;-57
1679667986.886771202;2023-03-24 14:26:26;-57
1679667987.092592164;2023-03-24 14:26:27;-57
1679667987.965250645;2023-03-24 14:26:27;-56
1679667987.986104979;2023-03-24 14:26:27;-70
1679667988.218855886;2023-03-24 14:26:28;-57
1679667988.242143923;2023-03-24 14:26:28;-62
1679667989.204928071;2023-03-24 14:26:29;-57
1679667989.265377422;2023-03-24 14:26:29;-54
1679667989.287370663;2023-03-24 14:26:29;-54
1679667989.353553348;2023-03-24 14:26:29;-62
1679667990.342768088;2023-03-24 14:26:30;-57
1679667990.362312348;2023-03-24 14:26:30;-57
1679667990.452095737;2023-03-24 14:26:30;-56
1679667991.564123014;2023-03-24 14:26:31;-58
1679667991.906265236;2023-03-24 14:26:31;-53
1679667992.326620458;2023-03-24 14:26:32;-56
1679667996.170086992;2023-03-24 14:26:36;-57
1679667996.189680659;2023-03-24 14:26:36;-57
1679667997.226365270;2023-03-24 14:26:37;-57
1679667997.246437195;2023-03-24 14:26:37;-42
1679667997.421327306;2023-03-24 14:26:37;-56
1679667998.872209694;2023-03-24 14:26:38;-57
1679667998.892122398;2023-03-24 14:26:38;-56
1679667998.992147768;2023-03-24 14:26:38;-54
1679667999.966321694;2023-03-24 14:26:39;-57
1679668000.456340471;2023-03-24 14:26:40;-57
1679668000.479837934;2023-03-24 14:26:40;-57
1679668001.591367489;2023-03-24 14:26:41;-53
1679668001.611092619;2023-03-24 14:26:41;-53
1679668001.876408970;2023-03-24 14:26:41;-54
1679668001.895694526;2023-03-24 14:26:41;-53
1679668002.108852007;2023-03-24 14:26:42;-56
1679668002.129192044;2023-03-24 14:26:42;-56
1679668002.426357933;2023-03-24 14:26:42;-51
1679668002.445653433;2023-03-24 14:26:42;-51
1679668006.036412209;2023-03-24 14:26:46;-59
1679668006.081172431;2023-03-24 14:26:46;-56
1679668006.782267449;2023-03-24 14:26:46;-56
1679668007.841834041;2023-03-24 14:26:47;-57
1679668008.020176541;2023-03-24 14:26:48;-57
1679668008.683998059;2023-03-24 14:26:48;-57
1679668008.703338503;2023-03-24 14:26:48;-57
1679668008.823253003;2023-03-24 14:26:48;-54
1679668009.696484392;2023-03-24 14:26:49;-57
1679668010.336460947;2023-03-24 14:26:50;-57
1679668010.355185799;2023-03-24 14:26:50;-54
1679668010.501465502;2023-03-24 14:26:50;-54
1679668011.447760187;2023-03-24 14:26:51;-54
1679668011.467744335;2023-03-24 14:26:51;-55
1679668011.606359946;2023-03-24 14:26:51;-54
1679668011.889384539;2023-03-24 14:26:51;-59
1679668011.911633094;2023-03-24 14:26:51;-59
1679668011.978728687;2023-03-24 14:26:51;-53
1679668012.021258131;2023-03-24 14:26:52;-52
1679668012.066246298;2023-03-24 14:26:52;-50
1679668012.110034057;2023-03-24 14:26:52;-53
1679668012.129466575;2023-03-24 14:26:52;-52
1679668012.153761631;2023-03-24 14:26:52;-57
1679668012.197508946;2023-03-24 14:26:52;-55
1679668012.473985353;2023-03-24 14:26:52;-57
1679668012.493593372;2023-03-24 14:26:52;-57
1679668015.593296629;2023-03-24 14:26:55;-57
1679668016.255294388;2023-03-24 14:26:56;-57
1679668016.275577832;2023-03-24 14:26:56;-57
1679668016.532753962;2023-03-24 14:26:56;-57
1679668017.050342147;2023-03-24 14:26:57;-57
1679668017.075286739;2023-03-24 14:26:57;-57
1679668018.107788794;2023-03-24 14:26:58;-57
1679668018.322510035;2023-03-24 14:26:58;-56
1679668018.341837090;2023-03-24 14:26:58;-57
1679668018.366397072;2023-03-24 14:26:58;-62
1679668019.502842441;2023-03-24 14:26:59;-57
1679668021.217873200;2023-03-24 14:27:01;-55
1679668021.237679589;2023-03-24 14:27:01;-54
1679668021.499130440;2023-03-24 14:27:01;-56
1679668021.519178033;2023-03-24 14:27:01;-56
1679668021.876877310;2023-03-24 14:27:01;-53
1679668021.896237977;2023-03-24 14:27:01;-52
1679668025.806597975;2023-03-24 14:27:05;-57
1679668026.675606104;2023-03-24 14:27:06;-56
1679668027.063233030;2023-03-24 14:27:07;-56
1679668027.473221492;2023-03-24 14:27:07;-56
1679668027.902880566;2023-03-24 14:27:07;-57
1679668028.373461214;2023-03-24 14:27:08;-56
1679668028.752270473;2023-03-24 14:27:08;-57
1679668029.229514639;2023-03-24 14:27:09;-57
1679668029.255447325;2023-03-24 14:27:09;-54
1679668029.568918824;2023-03-24 14:27:09;-58
1679668029.588222824;2023-03-24 14:27:09;-58
1679668029.613288547;2023-03-24 14:27:09;-62
1679668030.559154287;2023-03-24 14:27:10;-56
1679668031.354180286;2023-03-24 14:27:11;-51
1679668031.374508397;2023-03-24 14:27:11;-51
1679668035.198099414;2023-03-24 14:27:15;-56
1679668035.222004247;2023-03-24 14:27:15;-57
1679668035.263960451;2023-03-24 14:27:15;-76
1679668035.283311821;2023-03-24 14:27:15;-62
1679668036.322208857;2023-03-24 14:27:16;-57
1679668036.452214154;2023-03-24 14:27:16;-57
1679668036.471871339;2023-03-24 14:27:16;-58
1679668037.493009301;2023-03-24 14:27:17;-56
1679668038.215503541;2023-03-24 14:27:18;-57
1679668038.954259171;2023-03-24 14:27:18;-57
1679668038.974730097;2023-03-24 14:27:18;-57
1679668039.730855596;2023-03-24 14:27:19;-57
1679668040.704315299;2023-03-24 14:27:20;-54
1679668040.724270244;2023-03-24 14:27:20;-54
1679668041.092749206;2023-03-24 14:27:21;-52
1679668041.115245299;2023-03-24 14:27:21;-52
1679668041.137746966;2023-03-24 14:27:21;-53
1679668041.226582910;2023-03-24 14:27:21;-52
1679668041.334607132;2023-03-24 14:27:21;-56
1679668044.812317037;2023-03-24 14:27:24;-56
1679668044.834314574;2023-03-24 14:27:24;-57
1679668044.933285537;2023-03-24 14:27:24;-54
1679668045.233411371;2023-03-24 14:27:25;-60
1679668046.184319666;2023-03-24 14:27:26;-51
1679668046.309327296;2023-03-24 14:27:26;-52
1679668046.329225833;2023-03-24 14:27:26;-56
1679668050.281869368;2023-03-24 14:27:30;-57
1679668050.844356441;2023-03-24 14:27:30;-57
1679668050.863815275;2023-03-24 14:27:30;-57
1679668051.402270441;2023-03-24 14:27:31;-57
1679668051.421898756;2023-03-24 14:27:31;-57
1679668052.552779440;2023-03-24 14:27:32;-57
1679668053.198234847;2023-03-24 14:27:33;-57
1679668053.218560366;2023-03-24 14:27:33;-56
1679668053.680665514;2023-03-24 14:27:33;-57
1679668054.353789013;2023-03-24 14:27:34;-57
1679668054.731244643;2023-03-24 14:27:34;-59
1679668054.911697143;2023-03-24 14:27:34;-61
1679668054.931021180;2023-03-24 14:27:34;-60
1679668055.000427754;2023-03-24 14:27:35;-54
1679668055.019876142;2023-03-24 14:27:35;-53
1679668056.166974920;2023-03-24 14:27:36;-57
1679668056.187296049;2023-03-24 14:27:36;-57
1679668059.493221288;2023-03-24 14:27:39;-57
1679668060.093202825;2023-03-24 14:27:40;-57
1679668060.470697954;2023-03-24 14:27:40;-58
1679668060.512951695;2023-03-24 14:27:40;-62
1679668063.013563564;2023-03-24 14:27:43;-57
1679668063.623208415;2023-03-24 14:27:43;-57
1679668064.317231563;2023-03-24 14:27:44;-58
1679668064.723061526;2023-03-24 14:27:44;-55
1679668064.743418544;2023-03-24 14:27:44;-54
1679668065.501156729;2023-03-24 14:27:45;-50
1679668069.003720542;2023-03-24 14:27:49;-72
1679668069.024246319;2023-03-24 14:27:49;-57
1679668069.233336690;2023-03-24 14:27:49;-55
1679668070.492270541;2023-03-24 14:27:50;-57
1679668071.258295392;2023-03-24 14:27:51;-57
1679668071.280836244;2023-03-24 14:27:51;-57
1679668071.476882447;2023-03-24 14:27:51;-53
1679668071.498575207;2023-03-24 14:27:51;-54
1679668071.682276373;2023-03-24 14:27:51;-57
1679668072.234867151;2023-03-24 14:27:52;-57
1679668072.257280503;2023-03-24 14:27:52;-57
1679668072.906196039;2023-03-24 14:27:52;-56
1679668073.382403483;2023-03-24 14:27:53;-57
1679668074.101872483;2023-03-24 14:27:54;-60
1679668074.117198390;2023-03-24 14:27:54;-59
1679668074.367508187;2023-03-24 14:27:54;-54
1679668074.838479779;2023-03-24 14:27:54;-59
1679668074.858514075;2023-03-24 14:27:54;-59
1679668075.114662853;2023-03-24 14:27:55;-51
1679668075.133952205;2023-03-24 14:27:55;-52
1679668078.483111091;2023-03-24 14:27:58;-57
1679668079.883742313;2023-03-24 14:27:59;-57
1679668080.257688905;2023-03-24 14:28:00;-56
1679668080.279684535;2023-03-24 14:28:00;-57
1679668080.673564442;2023-03-24 14:28:00;-57
1679668081.083350090;2023-03-24 14:28:01;-56
1679668081.512156571;2023-03-24 14:28:01;-57
1679668081.912338645;2023-03-24 14:28:01;-57
1679668082.353924904;2023-03-24 14:28:02;-57
1679668082.734566774;2023-03-24 14:28:02;-57
1679668082.927501181;2023-03-24 14:28:02;-57
1679668082.971953181;2023-03-24 14:28:02;-57
1679668082.991268367;2023-03-24 14:28:02;-58
1679668083.015664552;2023-03-24 14:28:03;-62
1679668084.432183977;2023-03-24 14:28:04;-55
1679668084.787180810;2023-03-24 14:28:04;-56
1679668084.806474588;2023-03-24 14:28:04;-56
1679668085.052193569;2023-03-24 14:28:05;-51
1679668088.264680215;2023-03-24 14:28:08;-57
1679668088.286269086;2023-03-24 14:28:08;-56
1679668088.577098697;2023-03-24 14:28:08;-57
1679668088.622062289;2023-03-24 14:28:08;-58
1679668088.641348567;2023-03-24 14:28:08;-58
1679668088.666991900;2023-03-24 14:28:08;-62
1679668088.686311011;2023-03-24 14:28:08;-62
1679668089.555193955;2023-03-24 14:28:09;-57
1679668090.612347714;2023-03-24 14:28:10;-57
1679668091.013484658;2023-03-24 14:28:11;-57
1679668091.444790639;2023-03-24 14:28:11;-57
1679668091.970324250;2023-03-24 14:28:11;-57
1679668091.990073213;2023-03-24 14:28:11;-57
1679668092.593610639;2023-03-24 14:28:12;-57
1679668093.425107564;2023-03-24 14:28:13;-59
1679668093.703541119;2023-03-24 14:28:13;-60
1679668094.091062638;2023-03-24 14:28:14;-59
1679668094.111056397;2023-03-24 14:28:14;-59
1679668094.583309971;2023-03-24 14:28:14;-56
1679668094.602625008;2023-03-24 14:28:14;-56
1679668094.627041360;2023-03-24 14:28:14;-52
1679668094.672031415;2023-03-24 14:28:14;-51
1679668098.417505987;2023-03-24 14:28:18;-56
1679668099.241348949;2023-03-24 14:28:19;-58
1679668099.711098134;2023-03-24 14:28:19;-57
1679668099.731599801;2023-03-24 14:28:19;-57
1679668099.837585153;2023-03-24 14:28:19;-58
1679668099.899055523;2023-03-24 14:28:19;-58
1679668099.941436671;2023-03-24 14:28:19;-62
1679668100.432452115;2023-03-24 14:28:20;-57
1679668100.457755282;2023-03-24 14:28:20;-56
1679668100.972454948;2023-03-24 14:28:20;-58
1679668100.993598097;2023-03-24 14:28:20;-57
1679668101.562396207;2023-03-24 14:28:21;-57
1679668102.395225596;2023-03-24 14:28:22;-58
1679668102.415389262;2023-03-24 14:28:22;-57
1679668102.772474762;2023-03-24 14:28:22;-57
1679668103.461191465;2023-03-24 14:28:23;17
1679668103.481147873;2023-03-24 14:28:23;17
1679668103.876187206;2023-03-24 14:28:23;-59
1679668104.150299113;2023-03-24 14:28:24;-52
1679668104.170086872;2023-03-24 14:28:24;-52
1679668107.627405482;2023-03-24 14:28:27;-58
1679668107.646729352;2023-03-24 14:28:27;-57
1679668108.032413111;2023-03-24 14:28:28;-57
1679668108.464746462;2023-03-24 14:28:28;-57